"year","state","county_name","party","candidatevotes"
2024,"Alabama","County 0001","REPUBLICAN",37793
2024,"Alabama","County 0001","DEMOCRAT",24480
2024,"Alaska","County 0002","REPUBLICAN",12688
2024,"Alaska","County 0002","DEMOCRAT",28278
2024,"Arizona","County 0003","REPUBLICAN",3257
2024,"Arizona","County 0003","DEMOCRAT",623
2024,"Arkansas","County 0004","REPUBLICAN",461
2024,"Arkansas","County 0004","DEMOCRAT",141
2024,"California","County 0005","REPUBLICAN",7396
2024,"California","County 0005","DEMOCRAT",1585
2024,"Colorado","County 0006","REPUBLICAN",2828
2024,"Colorado","County 0006","DEMOCRAT",1525
2024,"Connecticut","County 0007","REPUBLICAN",4630
2024,"Connecticut","County 0007","DEMOCRAT",3119
2024,"Delaware","County 0008","REPUBLICAN",7808
2024,"Delaware","County 0008","DEMOCRAT",2366
2024,"Florida","County 0009","REPUBLICAN",17003
2024,"Florida","County 0009","DEMOCRAT",9532
2024,"Georgia","County 0010","REPUBLICAN",33345
2024,"Georgia","County 0010","DEMOCRAT",11319
2024,"Hawaii","County 0011","REPUBLICAN",23124
2024,"Hawaii","County 0011","DEMOCRAT",19104
2024,"Idaho","County 0012","REPUBLICAN",1478
2024,"Idaho","County 0012","DEMOCRAT",1838
2024,"Illinois","County 0013","REPUBLICAN",189190
2024,"Illinois","County 0013","DEMOCRAT",75514
2024,"Indiana","County 0014","REPUBLICAN",950
2024,"Indiana","County 0014","DEMOCRAT",783
2024,"Iowa","County 0015","REPUBLICAN",5126
2024,"Iowa","County 0015","DEMOCRAT",2812
2024,"Kansas","County 0016","REPUBLICAN",1374
2024,"Kansas","County 0016","DEMOCRAT",1238
2024,"Kentucky","County 0017","REPUBLICAN",9676
2024,"Kentucky","County 0017","DEMOCRAT",3408
2024,"Louisiana","County 0018","REPUBLICAN",4158
2024,"Louisiana","County 0018","DEMOCRAT",1171
2024,"Maine","County 0019","REPUBLICAN",3385
2024,"Maine","County 0019","DEMOCRAT",2158
2024,"Maryland","County 0020","REPUBLICAN",22741
2024,"Maryland","County 0020","DEMOCRAT",18837
2024,"Massachusetts","County 0021","REPUBLICAN",1318
2024,"Massachusetts","County 0021","DEMOCRAT",4335
2024,"Michigan","County 0022","REPUBLICAN",21179
2024,"Michigan","County 0022","DEMOCRAT",5431
2024,"Minnesota","County 0023","REPUBLICAN",3086
2024,"Minnesota","County 0023","DEMOCRAT",2331
2024,"Mississippi","County 0024","REPUBLICAN",81545
2024,"Mississippi","County 0024","DEMOCRAT",21446
2024,"Missouri","County 0025","REPUBLICAN",29574
2024,"Missouri","County 0025","DEMOCRAT",13976
2024,"Montana","County 0026","REPUBLICAN",17648
2024,"Montana","County 0026","DEMOCRAT",22640
2024,"Nebraska","County 0027","REPUBLICAN",3878
2024,"Nebraska","County 0027","DEMOCRAT",4420
2024,"Nevada","County 0028","REPUBLICAN",2979
2024,"Nevada","County 0028","DEMOCRAT",3984
2024,"New Hampshire","County 0029","REPUBLICAN",10805
2024,"New Hampshire","County 0029","DEMOCRAT",3548
2024,"New Jersey","County 0030","REPUBLICAN",3752
2024,"New Jersey","County 0030","DEMOCRAT",2088
2024,"New Mexico","County 0031","REPUBLICAN",472
2024,"New Mexico","County 0031","DEMOCRAT",529
2024,"New York","County 0032","REPUBLICAN",6827
2024,"New York","County 0032","DEMOCRAT",1189
2024,"North Carolina","County 0033","REPUBLICAN",95451
2024,"North Carolina","County 0033","DEMOCRAT",29357
2024,"North Dakota","County 0034","REPUBLICAN",4453
2024,"North Dakota","County 0034","DEMOCRAT",1550
2024,"Ohio","County 0035","REPUBLICAN",3438
2024,"Ohio","County 0035","DEMOCRAT",3156
2024,"Oklahoma","County 0036","REPUBLICAN",5656
2024,"Oklahoma","County 0036","DEMOCRAT",4585
2024,"Oregon","County 0037","REPUBLICAN",1333
2024,"Oregon","County 0037","DEMOCRAT",728
2024,"Pennsylvania","County 0038","REPUBLICAN",2964
2024,"Pennsylvania","County 0038","DEMOCRAT",614
2024,"Rhode Island","County 0039","REPUBLICAN",3929
2024,"Rhode Island","County 0039","DEMOCRAT",2348
2024,"South Carolina","County 0040","REPUBLICAN",7280
2024,"South Carolina","County 0040","DEMOCRAT",4550
2024,"South Dakota","County 0041","REPUBLICAN",15913
2024,"South Dakota","County 0041","DEMOCRAT",4030
2024,"Tennessee","County 0042","REPUBLICAN",8911
2024,"Tennessee","County 0042","DEMOCRAT",2090
2024,"Texas","County 0043","REPUBLICAN",18509
2024,"Texas","County 0043","DEMOCRAT",4988
2024,"Utah","County 0044","REPUBLICAN",3248
2024,"Utah","County 0044","DEMOCRAT",4243
2024,"Vermont","County 0045","REPUBLICAN",16384
2024,"Vermont","County 0045","DEMOCRAT",12438
2024,"Virginia","County 0046","REPUBLICAN",16904
2024,"Virginia","County 0046","DEMOCRAT",14075
2024,"Washington","County 0047","REPUBLICAN",3449
2024,"Washington","County 0047","DEMOCRAT",1254
2024,"West Virginia","County 0048","REPUBLICAN",18510
2024,"West Virginia","County 0048","DEMOCRAT",31747
2024,"Wisconsin","County 0049","REPUBLICAN",5337
2024,"Wisconsin","County 0049","DEMOCRAT",5186
2024,"Wyoming","County 0050","REPUBLICAN",17096
2024,"Wyoming","County 0050","DEMOCRAT",12896
2024,"Alabama","County 0051","REPUBLICAN",11598
2024,"Alabama","County 0051","DEMOCRAT",13699
2024,"Alaska","County 0052","REPUBLICAN",1907
2024,"Alaska","County 0052","DEMOCRAT",947
2024,"Arizona","County 0053","REPUBLICAN",12930
2024,"Arizona","County 0053","DEMOCRAT",5753
2024,"Arkansas","County 0054","REPUBLICAN",5036
2024,"Arkansas","County 0054","DEMOCRAT",2724
2024,"California","County 0055","REPUBLICAN",8392
2024,"California","County 0055","DEMOCRAT",2182
2024,"Colorado","County 0056","REPUBLICAN",10310
2024,"Colorado","County 0056","DEMOCRAT",12420
2024,"Connecticut","County 0057","REPUBLICAN",3307
2024,"Connecticut","County 0057","DEMOCRAT",2656
2024,"Delaware","County 0058","REPUBLICAN",3380
2024,"Delaware","County 0058","DEMOCRAT",2764
2024,"Florida","County 0059","REPUBLICAN",34918
2024,"Florida","County 0059","DEMOCRAT",13245
2024,"Georgia","County 0060","REPUBLICAN",6147
2024,"Georgia","County 0060","DEMOCRAT",10028
2024,"Hawaii","County 0061","REPUBLICAN",18255
2024,"Hawaii","County 0061","DEMOCRAT",11014
2024,"Idaho","County 0062","REPUBLICAN",327
2024,"Idaho","County 0062","DEMOCRAT",504
2024,"Illinois","County 0063","REPUBLICAN",3586
2024,"Illinois","County 0063","DEMOCRAT",941
2024,"Indiana","County 0064","REPUBLICAN",4565
2024,"Indiana","County 0064","DEMOCRAT",14664
2024,"Iowa","County 0065","REPUBLICAN",104922
2024,"Iowa","County 0065","DEMOCRAT",29010
2024,"Kansas","County 0066","REPUBLICAN",1764
2024,"Kansas","County 0066","DEMOCRAT",1723
2024,"Kentucky","County 0067","REPUBLICAN",27485
2024,"Kentucky","County 0067","DEMOCRAT",9430
2024,"Louisiana","County 0068","REPUBLICAN",17951
2024,"Louisiana","County 0068","DEMOCRAT",2741
2024,"Maine","County 0069","REPUBLICAN",103531
2024,"Maine","County 0069","DEMOCRAT",8876
2024,"Maryland","County 0070","REPUBLICAN",1462
2024,"Maryland","County 0070","DEMOCRAT",2206
2024,"Massachusetts","County 0071","REPUBLICAN",6223
2024,"Massachusetts","County 0071","DEMOCRAT",1756
2024,"Michigan","County 0072","REPUBLICAN",14869
2024,"Michigan","County 0072","DEMOCRAT",8054
2024,"Minnesota","County 0073","REPUBLICAN",946
2024,"Minnesota","County 0073","DEMOCRAT",822
2024,"Mississippi","County 0074","REPUBLICAN",630
2024,"Mississippi","County 0074","DEMOCRAT",1017
2024,"Missouri","County 0075","REPUBLICAN",1843
2024,"Missouri","County 0075","DEMOCRAT",2276
2024,"Montana","County 0076","REPUBLICAN",1473
2024,"Montana","County 0076","DEMOCRAT",1669
2024,"Nebraska","County 0077","REPUBLICAN",24148
2024,"Nebraska","County 0077","DEMOCRAT",27091
2024,"Nevada","County 0078","REPUBLICAN",17508
2024,"Nevada","County 0078","DEMOCRAT",6947
2024,"New Hampshire","County 0079","REPUBLICAN",4176
2024,"New Hampshire","County 0079","DEMOCRAT",5761
2024,"New Jersey","County 0080","REPUBLICAN",53480
2024,"New Jersey","County 0080","DEMOCRAT",10203
2024,"New Mexico","County 0081","REPUBLICAN",18144
2024,"New Mexico","County 0081","DEMOCRAT",5558
2024,"New York","County 0082","REPUBLICAN",3211
2024,"New York","County 0082","DEMOCRAT",3037
2024,"North Carolina","County 0083","REPUBLICAN",46113
2024,"North Carolina","County 0083","DEMOCRAT",4926
2024,"North Dakota","County 0084","REPUBLICAN",3775
2024,"North Dakota","County 0084","DEMOCRAT",2958
2024,"Ohio","County 0085","REPUBLICAN",3920
2024,"Ohio","County 0085","DEMOCRAT",3783
2024,"Oklahoma","County 0086","REPUBLICAN",11896
2024,"Oklahoma","County 0086","DEMOCRAT",15981
2024,"Oregon","County 0087","REPUBLICAN",3623
2024,"Oregon","County 0087","DEMOCRAT",2654
2024,"Pennsylvania","County 0088","REPUBLICAN",495
2024,"Pennsylvania","County 0088","DEMOCRAT",536
2024,"Rhode Island","County 0089","REPUBLICAN",2240
2024,"Rhode Island","County 0089","DEMOCRAT",1905
2024,"South Carolina","County 0090","REPUBLICAN",3017
2024,"South Carolina","County 0090","DEMOCRAT",2023
2024,"South Dakota","County 0091","REPUBLICAN",56286
2024,"South Dakota","County 0091","DEMOCRAT",18329
2024,"Tennessee","County 0092","REPUBLICAN",2255
2024,"Tennessee","County 0092","DEMOCRAT",780
2024,"Texas","County 0093","REPUBLICAN",4509
2024,"Texas","County 0093","DEMOCRAT",4281
2024,"Utah","County 0094","REPUBLICAN",2869
2024,"Utah","County 0094","DEMOCRAT",1556
2024,"Vermont","County 0095","REPUBLICAN",7376
2024,"Vermont","County 0095","DEMOCRAT",1809
2024,"Virginia","County 0096","REPUBLICAN",13555
2024,"Virginia","County 0096","DEMOCRAT",3789
2024,"Washington","County 0097","REPUBLICAN",1487
2024,"Washington","County 0097","DEMOCRAT",1473
2024,"West Virginia","County 0098","REPUBLICAN",1709
2024,"West Virginia","County 0098","DEMOCRAT",362
2024,"Wisconsin","County 0099","REPUBLICAN",2213
2024,"Wisconsin","County 0099","DEMOCRAT",1018
2024,"Wyoming","County 0100","REPUBLICAN",7168
2024,"Wyoming","County 0100","DEMOCRAT",1916
2024,"Alabama","County 0101","REPUBLICAN",1574
2024,"Alabama","County 0101","DEMOCRAT",147
2024,"Alaska","County 0102","REPUBLICAN",1996
2024,"Alaska","County 0102","DEMOCRAT",833
2024,"Arizona","County 0103","REPUBLICAN",27607
2024,"Arizona","County 0103","DEMOCRAT",6689
2024,"Arkansas","County 0104","REPUBLICAN",990
2024,"Arkansas","County 0104","DEMOCRAT",377
2024,"California","County 0105","REPUBLICAN",9340
2024,"California","County 0105","DEMOCRAT",4321
2024,"Colorado","County 0106","REPUBLICAN",11253
2024,"Colorado","County 0106","DEMOCRAT",5530
2024,"Connecticut","County 0107","REPUBLICAN",1365
2024,"Connecticut","County 0107","DEMOCRAT",2237
2024,"Delaware","County 0108","REPUBLICAN",4842
2024,"Delaware","County 0108","DEMOCRAT",3218
2024,"Florida","County 0109","REPUBLICAN",6666
2024,"Florida","County 0109","DEMOCRAT",3411
2024,"Georgia","County 0110","REPUBLICAN",595
2024,"Georgia","County 0110","DEMOCRAT",61
2024,"Hawaii","County 0111","REPUBLICAN",20845
2024,"Hawaii","County 0111","DEMOCRAT",7015
2024,"Idaho","County 0112","REPUBLICAN",5833
2024,"Idaho","County 0112","DEMOCRAT",640
2024,"Illinois","County 0113","REPUBLICAN",17474
2024,"Illinois","County 0113","DEMOCRAT",8701
2024,"Indiana","County 0114","REPUBLICAN",9318
2024,"Indiana","County 0114","DEMOCRAT",5477
2024,"Iowa","County 0115","REPUBLICAN",5942
2024,"Iowa","County 0115","DEMOCRAT",1773
2024,"Kansas","County 0116","REPUBLICAN",2232
2024,"Kansas","County 0116","DEMOCRAT",1600
2024,"Kentucky","County 0117","REPUBLICAN",2377
2024,"Kentucky","County 0117","DEMOCRAT",625
2024,"Louisiana","County 0118","REPUBLICAN",15242
2024,"Louisiana","County 0118","DEMOCRAT",3557
2024,"Maine","County 0119","REPUBLICAN",10371
2024,"Maine","County 0119","DEMOCRAT",4033
2024,"Maryland","County 0120","REPUBLICAN",12301
2024,"Maryland","County 0120","DEMOCRAT",8327
2024,"Massachusetts","County 0121","REPUBLICAN",26322
2024,"Massachusetts","County 0121","DEMOCRAT",4733
2024,"Michigan","County 0122","REPUBLICAN",20705
2024,"Michigan","County 0122","DEMOCRAT",10975
2024,"Minnesota","County 0123","REPUBLICAN",50791
2024,"Minnesota","County 0123","DEMOCRAT",5884
2024,"Mississippi","County 0124","REPUBLICAN",4490
2024,"Mississippi","County 0124","DEMOCRAT",777
2024,"Missouri","County 0125","REPUBLICAN",5673
2024,"Missouri","County 0125","DEMOCRAT",1457
2024,"Montana","County 0126","REPUBLICAN",22233
2024,"Montana","County 0126","DEMOCRAT",9010
2024,"Nebraska","County 0127","REPUBLICAN",3493
2024,"Nebraska","County 0127","DEMOCRAT",2215
2024,"Nevada","County 0128","REPUBLICAN",5523
2024,"Nevada","County 0128","DEMOCRAT",4006
2024,"New Hampshire","County 0129","REPUBLICAN",2222
2024,"New Hampshire","County 0129","DEMOCRAT",1199
2024,"New Jersey","County 0130","REPUBLICAN",5072
2024,"New Jersey","County 0130","DEMOCRAT",1254
2024,"New Mexico","County 0131","REPUBLICAN",3485
2024,"New Mexico","County 0131","DEMOCRAT",774
2024,"New York","County 0132","REPUBLICAN",5427
2024,"New York","County 0132","DEMOCRAT",4171
2024,"North Carolina","County 0133","REPUBLICAN",3100
2024,"North Carolina","County 0133","DEMOCRAT",1145
2024,"North Dakota","County 0134","REPUBLICAN",4811
2024,"North Dakota","County 0134","DEMOCRAT",2263
2024,"Ohio","County 0135","REPUBLICAN",788
2024,"Ohio","County 0135","DEMOCRAT",299
2024,"Oklahoma","County 0136","REPUBLICAN",12696
2024,"Oklahoma","County 0136","DEMOCRAT",3396
2024,"Oregon","County 0137","REPUBLICAN",932
2024,"Oregon","County 0137","DEMOCRAT",981
2024,"Pennsylvania","County 0138","REPUBLICAN",2632
2024,"Pennsylvania","County 0138","DEMOCRAT",2052
2024,"Rhode Island","County 0139","REPUBLICAN",4138
2024,"Rhode Island","County 0139","DEMOCRAT",3883
2024,"South Carolina","County 0140","REPUBLICAN",2386
2024,"South Carolina","County 0140","DEMOCRAT",656
2024,"South Dakota","County 0141","REPUBLICAN",48728
2024,"South Dakota","County 0141","DEMOCRAT",26201
2024,"Tennessee","County 0142","REPUBLICAN",5401
2024,"Tennessee","County 0142","DEMOCRAT",4150
2024,"Texas","County 0143","REPUBLICAN",5732
2024,"Texas","County 0143","DEMOCRAT",3621
2024,"Utah","County 0144","REPUBLICAN",5570
2024,"Utah","County 0144","DEMOCRAT",2411
2024,"Vermont","County 0145","REPUBLICAN",463
2024,"Vermont","County 0145","DEMOCRAT",117
2024,"Virginia","County 0146","REPUBLICAN",13881
2024,"Virginia","County 0146","DEMOCRAT",3432
2024,"Washington","County 0147","REPUBLICAN",1638
2024,"Washington","County 0147","DEMOCRAT",682
2024,"West Virginia","County 0148","REPUBLICAN",20532
2024,"West Virginia","County 0148","DEMOCRAT",5641
2024,"Wisconsin","County 0149","REPUBLICAN",1892
2024,"Wisconsin","County 0149","DEMOCRAT",817
2024,"Wyoming","County 0150","REPUBLICAN",1666
2024,"Wyoming","County 0150","DEMOCRAT",1529
2024,"Alabama","County 0151","REPUBLICAN",25430
2024,"Alabama","County 0151","DEMOCRAT",23832
2024,"Alaska","County 0152","REPUBLICAN",996
2024,"Alaska","County 0152","DEMOCRAT",911
2024,"Arizona","County 0153","REPUBLICAN",88270
2024,"Arizona","County 0153","DEMOCRAT",46442
2024,"Arkansas","County 0154","REPUBLICAN",71700
2024,"Arkansas","County 0154","DEMOCRAT",39121
2024,"California","County 0155","REPUBLICAN",2365
2024,"California","County 0155","DEMOCRAT",2447
2024,"Colorado","County 0156","REPUBLICAN",14204
2024,"Colorado","County 0156","DEMOCRAT",16090
2024,"Connecticut","County 0157","REPUBLICAN",692
2024,"Connecticut","County 0157","DEMOCRAT",533
2024,"Delaware","County 0158","REPUBLICAN",1360
2024,"Delaware","County 0158","DEMOCRAT",1350
2024,"Florida","County 0159","REPUBLICAN",2098
2024,"Florida","County 0159","DEMOCRAT",3574
2024,"Georgia","County 0160","REPUBLICAN",261
2024,"Georgia","County 0160","DEMOCRAT",171
2024,"Hawaii","County 0161","REPUBLICAN",4086
2024,"Hawaii","County 0161","DEMOCRAT",1203
2024,"Idaho","County 0162","REPUBLICAN",1514
2024,"Idaho","County 0162","DEMOCRAT",856
2024,"Illinois","County 0163","REPUBLICAN",3189
2024,"Illinois","County 0163","DEMOCRAT",1308
2024,"Indiana","County 0164","REPUBLICAN",2416
2024,"Indiana","County 0164","DEMOCRAT",1416
2024,"Iowa","County 0165","REPUBLICAN",2642
2024,"Iowa","County 0165","DEMOCRAT",1861
2024,"Kansas","County 0166","REPUBLICAN",1673
2024,"Kansas","County 0166","DEMOCRAT",521
2024,"Kentucky","County 0167","REPUBLICAN",9999
2024,"Kentucky","County 0167","DEMOCRAT",8990
2024,"Louisiana","County 0168","REPUBLICAN",51887
2024,"Louisiana","County 0168","DEMOCRAT",24068
2024,"Maine","County 0169","REPUBLICAN",39062
2024,"Maine","County 0169","DEMOCRAT",9158
2024,"Maryland","County 0170","REPUBLICAN",6484
2024,"Maryland","County 0170","DEMOCRAT",3900
2024,"Massachusetts","County 0171","REPUBLICAN",8412
2024,"Massachusetts","County 0171","DEMOCRAT",9868
2024,"Michigan","County 0172","REPUBLICAN",6810
2024,"Michigan","County 0172","DEMOCRAT",4884
2024,"Minnesota","County 0173","REPUBLICAN",19999
2024,"Minnesota","County 0173","DEMOCRAT",6808
2024,"Mississippi","County 0174","REPUBLICAN",69646
2024,"Mississippi","County 0174","DEMOCRAT",40180
2024,"Missouri","County 0175","REPUBLICAN",4603
2024,"Missouri","County 0175","DEMOCRAT",2173
2024,"Montana","County 0176","REPUBLICAN",5416
2024,"Montana","County 0176","DEMOCRAT",1755
2024,"Nebraska","County 0177","REPUBLICAN",19726
2024,"Nebraska","County 0177","DEMOCRAT",6849
2024,"Nevada","County 0178","REPUBLICAN",2670
2024,"Nevada","County 0178","DEMOCRAT",1734
2024,"New Hampshire","County 0179","REPUBLICAN",13104
2024,"New Hampshire","County 0179","DEMOCRAT",7889
2024,"New Jersey","County 0180","REPUBLICAN",3186
2024,"New Jersey","County 0180","DEMOCRAT",1630
2024,"New Mexico","County 0181","REPUBLICAN",878
2024,"New Mexico","County 0181","DEMOCRAT",838
2024,"New York","County 0182","REPUBLICAN",1405
2024,"New York","County 0182","DEMOCRAT",1512
2024,"North Carolina","County 0183","REPUBLICAN",819
2024,"North Carolina","County 0183","DEMOCRAT",654
2024,"North Dakota","County 0184","REPUBLICAN",10013
2024,"North Dakota","County 0184","DEMOCRAT",5085
2024,"Ohio","County 0185","REPUBLICAN",21064
2024,"Ohio","County 0185","DEMOCRAT",12925
2024,"Oklahoma","County 0186","REPUBLICAN",11962
2024,"Oklahoma","County 0186","DEMOCRAT",4005
2024,"Oregon","County 0187","REPUBLICAN",4904
2024,"Oregon","County 0187","DEMOCRAT",5651
2024,"Pennsylvania","County 0188","REPUBLICAN",8685
2024,"Pennsylvania","County 0188","DEMOCRAT",532
2024,"Rhode Island","County 0189","REPUBLICAN",27256
2024,"Rhode Island","County 0189","DEMOCRAT",19568
2024,"South Carolina","County 0190","REPUBLICAN",614
2024,"South Carolina","County 0190","DEMOCRAT",467
2024,"South Dakota","County 0191","REPUBLICAN",21122
2024,"South Dakota","County 0191","DEMOCRAT",10990
2024,"Tennessee","County 0192","REPUBLICAN",13926
2024,"Tennessee","County 0192","DEMOCRAT",12941
2024,"Texas","County 0193","REPUBLICAN",4221
2024,"Texas","County 0193","DEMOCRAT",1412
2024,"Utah","County 0194","REPUBLICAN",50298
2024,"Utah","County 0194","DEMOCRAT",15838
2024,"Vermont","County 0195","REPUBLICAN",28113
2024,"Vermont","County 0195","DEMOCRAT",15020
2024,"Virginia","County 0196","REPUBLICAN",2222
2024,"Virginia","County 0196","DEMOCRAT",203
2024,"Washington","County 0197","REPUBLICAN",8933
2024,"Washington","County 0197","DEMOCRAT",8304
2024,"West Virginia","County 0198","REPUBLICAN",5810
2024,"West Virginia","County 0198","DEMOCRAT",6120
2024,"Wisconsin","County 0199","REPUBLICAN",1279
2024,"Wisconsin","County 0199","DEMOCRAT",347
2024,"Wyoming","County 0200","REPUBLICAN",1840
2024,"Wyoming","County 0200","DEMOCRAT",2168
2024,"Alabama","County 0201","REPUBLICAN",2370
2024,"Alabama","County 0201","DEMOCRAT",1124
2024,"Alaska","County 0202","REPUBLICAN",1629
2024,"Alaska","County 0202","DEMOCRAT",488
2024,"Arizona","County 0203","REPUBLICAN",8330
2024,"Arizona","County 0203","DEMOCRAT",3753
2024,"Arkansas","County 0204","REPUBLICAN",19379
2024,"Arkansas","County 0204","DEMOCRAT",9190
2024,"California","County 0205","REPUBLICAN",7884
2024,"California","County 0205","DEMOCRAT",1471
2024,"Colorado","County 0206","REPUBLICAN",20338
2024,"Colorado","County 0206","DEMOCRAT",8117
2024,"Connecticut","County 0207","REPUBLICAN",7436
2024,"Connecticut","County 0207","DEMOCRAT",3149
2024,"Delaware","County 0208","REPUBLICAN",38323
2024,"Delaware","County 0208","DEMOCRAT",16460
2024,"Florida","County 0209","REPUBLICAN",1012
2024,"Florida","County 0209","DEMOCRAT",420
2024,"Georgia","County 0210","REPUBLICAN",9835
2024,"Georgia","County 0210","DEMOCRAT",4539
2024,"Hawaii","County 0211","REPUBLICAN",5204
2024,"Hawaii","County 0211","DEMOCRAT",2916
2024,"Idaho","County 0212","REPUBLICAN",1679
2024,"Idaho","County 0212","DEMOCRAT",4082
2024,"Illinois","County 0213","REPUBLICAN",11732
2024,"Illinois","County 0213","DEMOCRAT",3261
2024,"Indiana","County 0214","REPUBLICAN",17657
2024,"Indiana","County 0214","DEMOCRAT",3828
2024,"Iowa","County 0215","REPUBLICAN",11180
2024,"Iowa","County 0215","DEMOCRAT",7512
2024,"Kansas","County 0216","REPUBLICAN",1809
2024,"Kansas","County 0216","DEMOCRAT",550
2024,"Kentucky","County 0217","REPUBLICAN",5968
2024,"Kentucky","County 0217","DEMOCRAT",893
2024,"Louisiana","County 0218","REPUBLICAN",5236
2024,"Louisiana","County 0218","DEMOCRAT",4759
2024,"Maine","County 0219","REPUBLICAN",25373
2024,"Maine","County 0219","DEMOCRAT",12102
2024,"Maryland","County 0220","REPUBLICAN",670
2024,"Maryland","County 0220","DEMOCRAT",512
2024,"Massachusetts","County 0221","REPUBLICAN",53020
2024,"Massachusetts","County 0221","DEMOCRAT",21778
2024,"Michigan","County 0222","REPUBLICAN",13517
2024,"Michigan","County 0222","DEMOCRAT",4523
2024,"Minnesota","County 0223","REPUBLICAN",2234
2024,"Minnesota","County 0223","DEMOCRAT",1072
2024,"Mississippi","County 0224","REPUBLICAN",23977
2024,"Mississippi","County 0224","DEMOCRAT",20081
2024,"Missouri","County 0225","REPUBLICAN",22125
2024,"Missouri","County 0225","DEMOCRAT",3946
2024,"Montana","County 0226","REPUBLICAN",4605
2024,"Montana","County 0226","DEMOCRAT",2115
2024,"Nebraska","County 0227","REPUBLICAN",5423
2024,"Nebraska","County 0227","DEMOCRAT",4859
2024,"Nevada","County 0228","REPUBLICAN",923
2024,"Nevada","County 0228","DEMOCRAT",308
2024,"New Hampshire","County 0229","REPUBLICAN",1392
2024,"New Hampshire","County 0229","DEMOCRAT",770
2024,"New Jersey","County 0230","REPUBLICAN",3961
2024,"New Jersey","County 0230","DEMOCRAT",1142
2024,"New Mexico","County 0231","REPUBLICAN",2088
2024,"New Mexico","County 0231","DEMOCRAT",789
2024,"New York","County 0232","REPUBLICAN",1718
2024,"New York","County 0232","DEMOCRAT",2066
2024,"North Carolina","County 0233","REPUBLICAN",16531
2024,"North Carolina","County 0233","DEMOCRAT",2558
2024,"North Dakota","County 0234","REPUBLICAN",2631
2024,"North Dakota","County 0234","DEMOCRAT",609
2024,"Ohio","County 0235","REPUBLICAN",3011
2024,"Ohio","County 0235","DEMOCRAT",1729
2024,"Oklahoma","County 0236","REPUBLICAN",4574
2024,"Oklahoma","County 0236","DEMOCRAT",918
2024,"Oregon","County 0237","REPUBLICAN",11200
2024,"Oregon","County 0237","DEMOCRAT",3889
2024,"Pennsylvania","County 0238","REPUBLICAN",9350
2024,"Pennsylvania","County 0238","DEMOCRAT",2429
2024,"Rhode Island","County 0239","REPUBLICAN",8281
2024,"Rhode Island","County 0239","DEMOCRAT",1907
2024,"South Carolina","County 0240","REPUBLICAN",17539
2024,"South Carolina","County 0240","DEMOCRAT",4633
2024,"South Dakota","County 0241","REPUBLICAN",2006
2024,"South Dakota","County 0241","DEMOCRAT",507
2024,"Tennessee","County 0242","REPUBLICAN",10160
2024,"Tennessee","County 0242","DEMOCRAT",1708
2024,"Texas","County 0243","REPUBLICAN",21914
2024,"Texas","County 0243","DEMOCRAT",11851
2024,"Utah","County 0244","REPUBLICAN",7906
2024,"Utah","County 0244","DEMOCRAT",4198
2024,"Vermont","County 0245","REPUBLICAN",6340
2024,"Vermont","County 0245","DEMOCRAT",2588
2024,"Virginia","County 0246","REPUBLICAN",49968
2024,"Virginia","County 0246","DEMOCRAT",38669
2024,"Washington","County 0247","REPUBLICAN",4023
2024,"Washington","County 0247","DEMOCRAT",1432
2024,"West Virginia","County 0248","REPUBLICAN",3539
2024,"West Virginia","County 0248","DEMOCRAT",1631
2024,"Wisconsin","County 0249","REPUBLICAN",3010
2024,"Wisconsin","County 0249","DEMOCRAT",1888
2024,"Wyoming","County 0250","REPUBLICAN",5701
2024,"Wyoming","County 0250","DEMOCRAT",1186
2024,"Alabama","County 0251","REPUBLICAN",21947
2024,"Alabama","County 0251","DEMOCRAT",3008
2024,"Alaska","County 0252","REPUBLICAN",8097
2024,"Alaska","County 0252","DEMOCRAT",5535
2024,"Arizona","County 0253","REPUBLICAN",23674
2024,"Arizona","County 0253","DEMOCRAT",10866
2024,"Arkansas","County 0254","REPUBLICAN",1742
2024,"Arkansas","County 0254","DEMOCRAT",926
2024,"California","County 0255","REPUBLICAN",13097
2024,"California","County 0255","DEMOCRAT",8253
2024,"Colorado","County 0256","REPUBLICAN",7818
2024,"Colorado","County 0256","DEMOCRAT",5006
2024,"Connecticut","County 0257","REPUBLICAN",2823
2024,"Connecticut","County 0257","DEMOCRAT",3911
2024,"Delaware","County 0258","REPUBLICAN",13598
2024,"Delaware","County 0258","DEMOCRAT",9780
2024,"Florida","County 0259","REPUBLICAN",66310
2024,"Florida","County 0259","DEMOCRAT",14749
2024,"Georgia","County 0260","REPUBLICAN",2819
2024,"Georgia","County 0260","DEMOCRAT",2144
2024,"Hawaii","County 0261","REPUBLICAN",1543
2024,"Hawaii","County 0261","DEMOCRAT",496
2024,"Idaho","County 0262","REPUBLICAN",26583
2024,"Idaho","County 0262","DEMOCRAT",11835
2024,"Illinois","County 0263","REPUBLICAN",4070
2024,"Illinois","County 0263","DEMOCRAT",3393
2024,"Indiana","County 0264","REPUBLICAN",4585
2024,"Indiana","County 0264","DEMOCRAT",964
2024,"Iowa","County 0265","REPUBLICAN",3693
2024,"Iowa","County 0265","DEMOCRAT",2828
2024,"Kansas","County 0266","REPUBLICAN",1486
2024,"Kansas","County 0266","DEMOCRAT",683
2024,"Kentucky","County 0267","REPUBLICAN",1049
2024,"Kentucky","County 0267","DEMOCRAT",908
2024,"Louisiana","County 0268","REPUBLICAN",17126
2024,"Louisiana","County 0268","DEMOCRAT",469
2024,"Maine","County 0269","REPUBLICAN",7242
2024,"Maine","County 0269","DEMOCRAT",2655
2024,"Maryland","County 0270","REPUBLICAN",4124
2024,"Maryland","County 0270","DEMOCRAT",2957
2024,"Massachusetts","County 0271","REPUBLICAN",2892
2024,"Massachusetts","County 0271","DEMOCRAT",1592
2024,"Michigan","County 0272","REPUBLICAN",6442
2024,"Michigan","County 0272","DEMOCRAT",6864
2024,"Minnesota","County 0273","REPUBLICAN",2632
2024,"Minnesota","County 0273","DEMOCRAT",3015
2024,"Mississippi","County 0274","REPUBLICAN",907
2024,"Mississippi","County 0274","DEMOCRAT",901
2024,"Missouri","County 0275","REPUBLICAN",6596
2024,"Missouri","County 0275","DEMOCRAT",3387
2024,"Montana","County 0276","REPUBLICAN",25770
2024,"Montana","County 0276","DEMOCRAT",16727
2024,"Nebraska","County 0277","REPUBLICAN",1749
2024,"Nebraska","County 0277","DEMOCRAT",744
2024,"Nevada","County 0278","REPUBLICAN",1040
2024,"Nevada","County 0278","DEMOCRAT",890
2024,"New Hampshire","County 0279","REPUBLICAN",13915
2024,"New Hampshire","County 0279","DEMOCRAT",9932
2024,"New Jersey","County 0280","REPUBLICAN",28083
2024,"New Jersey","County 0280","DEMOCRAT",35465
2024,"New Mexico","County 0281","REPUBLICAN",7929
2024,"New Mexico","County 0281","DEMOCRAT",6194
2024,"New York","County 0282","REPUBLICAN",9154
2024,"New York","County 0282","DEMOCRAT",9089
2024,"North Carolina","County 0283","REPUBLICAN",963
2024,"North Carolina","County 0283","DEMOCRAT",799
2024,"North Dakota","County 0284","REPUBLICAN",1846
2024,"North Dakota","County 0284","DEMOCRAT",1046
2024,"Ohio","County 0285","REPUBLICAN",3614
2024,"Ohio","County 0285","DEMOCRAT",1213
2024,"Oklahoma","County 0286","REPUBLICAN",898
2024,"Oklahoma","County 0286","DEMOCRAT",232
2024,"Oregon","County 0287","REPUBLICAN",18098
2024,"Oregon","County 0287","DEMOCRAT",8235
2024,"Pennsylvania","County 0288","REPUBLICAN",11104
2024,"Pennsylvania","County 0288","DEMOCRAT",5542
2024,"Rhode Island","County 0289","REPUBLICAN",9260
2024,"Rhode Island","County 0289","DEMOCRAT",9180
2024,"South Carolina","County 0290","REPUBLICAN",6521
2024,"South Carolina","County 0290","DEMOCRAT",631
2024,"South Dakota","County 0291","REPUBLICAN",14111
2024,"South Dakota","County 0291","DEMOCRAT",2608
2024,"Tennessee","County 0292","REPUBLICAN",6308
2024,"Tennessee","County 0292","DEMOCRAT",3676
2024,"Texas","County 0293","REPUBLICAN",10657
2024,"Texas","County 0293","DEMOCRAT",7520
2024,"Utah","County 0294","REPUBLICAN",6348
2024,"Utah","County 0294","DEMOCRAT",9984
2024,"Vermont","County 0295","REPUBLICAN",23857
2024,"Vermont","County 0295","DEMOCRAT",12407
2024,"Virginia","County 0296","REPUBLICAN",2432
2024,"Virginia","County 0296","DEMOCRAT",254
2024,"Washington","County 0297","REPUBLICAN",13551
2024,"Washington","County 0297","DEMOCRAT",24635
2024,"West Virginia","County 0298","REPUBLICAN",734
2024,"West Virginia","County 0298","DEMOCRAT",367
2024,"Wisconsin","County 0299","REPUBLICAN",4033
2024,"Wisconsin","County 0299","DEMOCRAT",2222
2024,"Wyoming","County 0300","REPUBLICAN",2339
2024,"Wyoming","County 0300","DEMOCRAT",1576
2024,"Alabama","County 0301","REPUBLICAN",2973
2024,"Alabama","County 0301","DEMOCRAT",730
2024,"Alaska","County 0302","REPUBLICAN",9637
2024,"Alaska","County 0302","DEMOCRAT",2121
2024,"Arizona","County 0303","REPUBLICAN",5070
2024,"Arizona","County 0303","DEMOCRAT",3827
2024,"Arkansas","County 0304","REPUBLICAN",2156
2024,"Arkansas","County 0304","DEMOCRAT",2010
2024,"California","County 0305","REPUBLICAN",3973
2024,"California","County 0305","DEMOCRAT",1713
2024,"Colorado","County 0306","REPUBLICAN",3635
2024,"Colorado","County 0306","DEMOCRAT",1286
2024,"Connecticut","County 0307","REPUBLICAN",12005
2024,"Connecticut","County 0307","DEMOCRAT",11259
2024,"Delaware","County 0308","REPUBLICAN",7631
2024,"Delaware","County 0308","DEMOCRAT",649
2024,"Florida","County 0309","REPUBLICAN",8327
2024,"Florida","County 0309","DEMOCRAT",5909
2024,"Georgia","County 0310","REPUBLICAN",1566
2024,"Georgia","County 0310","DEMOCRAT",1036
2024,"Hawaii","County 0311","REPUBLICAN",3658
2024,"Hawaii","County 0311","DEMOCRAT",1934
2024,"Idaho","County 0312","REPUBLICAN",5658
2024,"Idaho","County 0312","DEMOCRAT",2745
2024,"Illinois","County 0313","REPUBLICAN",12224
2024,"Illinois","County 0313","DEMOCRAT",5508
2024,"Indiana","County 0314","REPUBLICAN",6782
2024,"Indiana","County 0314","DEMOCRAT",3948
2024,"Iowa","County 0315","REPUBLICAN",804
2024,"Iowa","County 0315","DEMOCRAT",739
2024,"Kansas","County 0316","REPUBLICAN",2988
2024,"Kansas","County 0316","DEMOCRAT",1603
2024,"Kentucky","County 0317","REPUBLICAN",20135
2024,"Kentucky","County 0317","DEMOCRAT",7595
2024,"Louisiana","County 0318","REPUBLICAN",13629
2024,"Louisiana","County 0318","DEMOCRAT",5108
2024,"Maine","County 0319","REPUBLICAN",5022
2024,"Maine","County 0319","DEMOCRAT",2676
2024,"Maryland","County 0320","REPUBLICAN",10370
2024,"Maryland","County 0320","DEMOCRAT",5209
2024,"Massachusetts","County 0321","REPUBLICAN",8140
2024,"Massachusetts","County 0321","DEMOCRAT",7544
2024,"Michigan","County 0322","REPUBLICAN",9798
2024,"Michigan","County 0322","DEMOCRAT",4589
2024,"Minnesota","County 0323","REPUBLICAN",2599
2024,"Minnesota","County 0323","DEMOCRAT",1571
2024,"Mississippi","County 0324","REPUBLICAN",17708
2024,"Mississippi","County 0324","DEMOCRAT",6427
2024,"Missouri","County 0325","REPUBLICAN",1766
2024,"Missouri","County 0325","DEMOCRAT",1917
2024,"Montana","County 0326","REPUBLICAN",6015
2024,"Montana","County 0326","DEMOCRAT",6249
2024,"Nebraska","County 0327","REPUBLICAN",1715
2024,"Nebraska","County 0327","DEMOCRAT",775
2024,"Nevada","County 0328","REPUBLICAN",178501
2024,"Nevada","County 0328","DEMOCRAT",304487
2024,"New Hampshire","County 0329","REPUBLICAN",10075
2024,"New Hampshire","County 0329","DEMOCRAT",9080
2024,"New Jersey","County 0330","REPUBLICAN",3096
2024,"New Jersey","County 0330","DEMOCRAT",563
2024,"New Mexico","County 0331","REPUBLICAN",495
2024,"New Mexico","County 0331","DEMOCRAT",294
2024,"New York","County 0332","REPUBLICAN",4660
2024,"New York","County 0332","DEMOCRAT",2125
2024,"North Carolina","County 0333","REPUBLICAN",7240
2024,"North Carolina","County 0333","DEMOCRAT",8809
2024,"North Dakota","County 0334","REPUBLICAN",2622
2024,"North Dakota","County 0334","DEMOCRAT",3927
2024,"Ohio","County 0335","REPUBLICAN",3330
2024,"Ohio","County 0335","DEMOCRAT",1537
2024,"Oklahoma","County 0336","REPUBLICAN",4464
2024,"Oklahoma","County 0336","DEMOCRAT",1819
2024,"Oregon","County 0337","REPUBLICAN",35394
2024,"Oregon","County 0337","DEMOCRAT",16615
2024,"Pennsylvania","County 0338","REPUBLICAN",3127
2024,"Pennsylvania","County 0338","DEMOCRAT",808
2024,"Rhode Island","County 0339","REPUBLICAN",16881
2024,"Rhode Island","County 0339","DEMOCRAT",10503
2024,"South Carolina","County 0340","REPUBLICAN",3207
2024,"South Carolina","County 0340","DEMOCRAT",2046
2024,"South Dakota","County 0341","REPUBLICAN",3761
2024,"South Dakota","County 0341","DEMOCRAT",680
2024,"Tennessee","County 0342","REPUBLICAN",2864
2024,"Tennessee","County 0342","DEMOCRAT",2782
2024,"Texas","County 0343","REPUBLICAN",1153
2024,"Texas","County 0343","DEMOCRAT",227
2024,"Utah","County 0344","REPUBLICAN",2934
2024,"Utah","County 0344","DEMOCRAT",1462
2024,"Vermont","County 0345","REPUBLICAN",6793
2024,"Vermont","County 0345","DEMOCRAT",2575
2024,"Virginia","County 0346","REPUBLICAN",3725
2024,"Virginia","County 0346","DEMOCRAT",2005
2024,"Washington","County 0347","REPUBLICAN",14839
2024,"Washington","County 0347","DEMOCRAT",3132
2024,"West Virginia","County 0348","REPUBLICAN",3124
2024,"West Virginia","County 0348","DEMOCRAT",1524
2024,"Wisconsin","County 0349","REPUBLICAN",12116
2024,"Wisconsin","County 0349","DEMOCRAT",5515
2024,"Wyoming","County 0350","REPUBLICAN",259
2024,"Wyoming","County 0350","DEMOCRAT",195
2024,"Alabama","County 0351","REPUBLICAN",5623
2024,"Alabama","County 0351","DEMOCRAT",1602
2024,"Alaska","County 0352","REPUBLICAN",18543
2024,"Alaska","County 0352","DEMOCRAT",3261
2024,"Arizona","County 0353","REPUBLICAN",3913
2024,"Arizona","County 0353","DEMOCRAT",3352
2024,"Arkansas","County 0354","REPUBLICAN",20732
2024,"Arkansas","County 0354","DEMOCRAT",7712
2024,"California","County 0355","REPUBLICAN",7507
2024,"California","County 0355","DEMOCRAT",11815
2024,"Colorado","County 0356","REPUBLICAN",1770
2024,"Colorado","County 0356","DEMOCRAT",1093
2024,"Connecticut","County 0357","REPUBLICAN",26582
2024,"Connecticut","County 0357","DEMOCRAT",25679
2024,"Delaware","County 0358","REPUBLICAN",2224
2024,"Delaware","County 0358","DEMOCRAT",663
2024,"Florida","County 0359","REPUBLICAN",3076
2024,"Florida","County 0359","DEMOCRAT",1558
2024,"Georgia","County 0360","REPUBLICAN",4117
2024,"Georgia","County 0360","DEMOCRAT",2199
2024,"Hawaii","County 0361","REPUBLICAN",2083
2024,"Hawaii","County 0361","DEMOCRAT",2069
2024,"Idaho","County 0362","REPUBLICAN",14917
2024,"Idaho","County 0362","DEMOCRAT",9878
2024,"Illinois","County 0363","REPUBLICAN",14839
2024,"Illinois","County 0363","DEMOCRAT",5668
2024,"Indiana","County 0364","REPUBLICAN",6710
2024,"Indiana","County 0364","DEMOCRAT",2508
2024,"Iowa","County 0365","REPUBLICAN",49647
2024,"Iowa","County 0365","DEMOCRAT",41705
2024,"Kansas","County 0366","REPUBLICAN",10237
2024,"Kansas","County 0366","DEMOCRAT",7073
2024,"Kentucky","County 0367","REPUBLICAN",46643
2024,"Kentucky","County 0367","DEMOCRAT",7296
2024,"Louisiana","County 0368","REPUBLICAN",1215
2024,"Louisiana","County 0368","DEMOCRAT",953
2024,"Maine","County 0369","REPUBLICAN",4073
2024,"Maine","County 0369","DEMOCRAT",1236
2024,"Maryland","County 0370","REPUBLICAN",16305
2024,"Maryland","County 0370","DEMOCRAT",12364
2024,"Massachusetts","County 0371","REPUBLICAN",1348
2024,"Massachusetts","County 0371","DEMOCRAT",283
2024,"Michigan","County 0372","REPUBLICAN",24480
2024,"Michigan","County 0372","DEMOCRAT",4661
2024,"Minnesota","County 0373","REPUBLICAN",32666
2024,"Minnesota","County 0373","DEMOCRAT",20095
2024,"Mississippi","County 0374","REPUBLICAN",1369
2024,"Mississippi","County 0374","DEMOCRAT",773
2024,"Missouri","County 0375","REPUBLICAN",1354
2024,"Missouri","County 0375","DEMOCRAT",563
2024,"Montana","County 0376","REPUBLICAN",35922
2024,"Montana","County 0376","DEMOCRAT",18088
2024,"Nebraska","County 0377","REPUBLICAN",1945
2024,"Nebraska","County 0377","DEMOCRAT",972
2024,"Nevada","County 0378","REPUBLICAN",16731
2024,"Nevada","County 0378","DEMOCRAT",20073
2024,"New Hampshire","County 0379","REPUBLICAN",3149
2024,"New Hampshire","County 0379","DEMOCRAT",969
2024,"New Jersey","County 0380","REPUBLICAN",2883
2024,"New Jersey","County 0380","DEMOCRAT",1674
2024,"New Mexico","County 0381","REPUBLICAN",3989
2024,"New Mexico","County 0381","DEMOCRAT",5521
2024,"New York","County 0382","REPUBLICAN",7007
2024,"New York","County 0382","DEMOCRAT",2050
2024,"North Carolina","County 0383","REPUBLICAN",11615
2024,"North Carolina","County 0383","DEMOCRAT",3501
2024,"North Dakota","County 0384","REPUBLICAN",3069
2024,"North Dakota","County 0384","DEMOCRAT",1665
2024,"Ohio","County 0385","REPUBLICAN",1078
2024,"Ohio","County 0385","DEMOCRAT",329
2024,"Oklahoma","County 0386","REPUBLICAN",6966
2024,"Oklahoma","County 0386","DEMOCRAT",3860
2024,"Oregon","County 0387","REPUBLICAN",3270
2024,"Oregon","County 0387","DEMOCRAT",1392
2024,"Pennsylvania","County 0388","REPUBLICAN",28645
2024,"Pennsylvania","County 0388","DEMOCRAT",18249
2024,"Rhode Island","County 0389","REPUBLICAN",32656
2024,"Rhode Island","County 0389","DEMOCRAT",53010
2024,"South Carolina","County 0390","REPUBLICAN",2536
2024,"South Carolina","County 0390","DEMOCRAT",4421
2024,"South Dakota","County 0391","REPUBLICAN",6765
2024,"South Dakota","County 0391","DEMOCRAT",8387
2024,"Tennessee","County 0392","REPUBLICAN",30127
2024,"Tennessee","County 0392","DEMOCRAT",33716
2024,"Texas","County 0393","REPUBLICAN",1843
2024,"Texas","County 0393","DEMOCRAT",649
2024,"Utah","County 0394","REPUBLICAN",153682
2024,"Utah","County 0394","DEMOCRAT",52262
2024,"Vermont","County 0395","REPUBLICAN",1623
2024,"Vermont","County 0395","DEMOCRAT",2833
2024,"Virginia","County 0396","REPUBLICAN",4517
2024,"Virginia","County 0396","DEMOCRAT",3610
2024,"Washington","County 0397","REPUBLICAN",10100
2024,"Washington","County 0397","DEMOCRAT",10875
2024,"West Virginia","County 0398","REPUBLICAN",4834
2024,"West Virginia","County 0398","DEMOCRAT",2703
2024,"Wisconsin","County 0399","REPUBLICAN",11140
2024,"Wisconsin","County 0399","DEMOCRAT",12802
2024,"Wyoming","County 0400","REPUBLICAN",2520
2024,"Wyoming","County 0400","DEMOCRAT",3350
2024,"Alabama","County 0401","REPUBLICAN",529
2024,"Alabama","County 0401","DEMOCRAT",204
2024,"Alaska","County 0402","REPUBLICAN",6276
2024,"Alaska","County 0402","DEMOCRAT",3766
2024,"Arizona","County 0403","REPUBLICAN",1141
2024,"Arizona","County 0403","DEMOCRAT",1770
2024,"Arkansas","County 0404","REPUBLICAN",7571
2024,"Arkansas","County 0404","DEMOCRAT",3806
2024,"California","County 0405","REPUBLICAN",6638
2024,"California","County 0405","DEMOCRAT",8724
2024,"Colorado","County 0406","REPUBLICAN",1311
2024,"Colorado","County 0406","DEMOCRAT",1099
2024,"Connecticut","County 0407","REPUBLICAN",42508
2024,"Connecticut","County 0407","DEMOCRAT",34141
2024,"Delaware","County 0408","REPUBLICAN",1856
2024,"Delaware","County 0408","DEMOCRAT",1715
2024,"Florida","County 0409","REPUBLICAN",627
2024,"Florida","County 0409","DEMOCRAT",755
2024,"Georgia","County 0410","REPUBLICAN",13256
2024,"Georgia","County 0410","DEMOCRAT",10716
2024,"Hawaii","County 0411","REPUBLICAN",20364
2024,"Hawaii","County 0411","DEMOCRAT",6991
2024,"Idaho","County 0412","REPUBLICAN",1607
2024,"Idaho","County 0412","DEMOCRAT",1154
2024,"Illinois","County 0413","REPUBLICAN",2293
2024,"Illinois","County 0413","DEMOCRAT",2305
2024,"Indiana","County 0414","REPUBLICAN",1911
2024,"Indiana","County 0414","DEMOCRAT",1130
2024,"Iowa","County 0415","REPUBLICAN",2512
2024,"Iowa","County 0415","DEMOCRAT",2071
2024,"Kansas","County 0416","REPUBLICAN",675
2024,"Kansas","County 0416","DEMOCRAT",1021
2024,"Kentucky","County 0417","REPUBLICAN",22616
2024,"Kentucky","County 0417","DEMOCRAT",9740
2024,"Louisiana","County 0418","REPUBLICAN",13145
2024,"Louisiana","County 0418","DEMOCRAT",7063
2024,"Maine","County 0419","REPUBLICAN",19371
2024,"Maine","County 0419","DEMOCRAT",21169
2024,"Maryland","County 0420","REPUBLICAN",5152
2024,"Maryland","County 0420","DEMOCRAT",2382
2024,"Massachusetts","County 0421","REPUBLICAN",4354
2024,"Massachusetts","County 0421","DEMOCRAT",1257
2024,"Michigan","County 0422","REPUBLICAN",3649
2024,"Michigan","County 0422","DEMOCRAT",5681
2024,"Minnesota","County 0423","REPUBLICAN",5594
2024,"Minnesota","County 0423","DEMOCRAT",2374
2024,"Mississippi","County 0424","REPUBLICAN",2354
2024,"Mississippi","County 0424","DEMOCRAT",832
2024,"Missouri","County 0425","REPUBLICAN",4067
2024,"Missouri","County 0425","DEMOCRAT",6032
2024,"Montana","County 0426","REPUBLICAN",8898
2024,"Montana","County 0426","DEMOCRAT",4921
2024,"Nebraska","County 0427","REPUBLICAN",12270
2024,"Nebraska","County 0427","DEMOCRAT",2846
2024,"Nevada","County 0428","REPUBLICAN",1474
2024,"Nevada","County 0428","DEMOCRAT",1343
2024,"New Hampshire","County 0429","REPUBLICAN",689
2024,"New Hampshire","County 0429","DEMOCRAT",864
2024,"New Jersey","County 0430","REPUBLICAN",7993
2024,"New Jersey","County 0430","DEMOCRAT",1958
2024,"New Mexico","County 0431","REPUBLICAN",611
2024,"New Mexico","County 0431","DEMOCRAT",887
2024,"New York","County 0432","REPUBLICAN",8887
2024,"New York","County 0432","DEMOCRAT",6552
2024,"North Carolina","County 0433","REPUBLICAN",1795
2024,"North Carolina","County 0433","DEMOCRAT",1790
2024,"North Dakota","County 0434","REPUBLICAN",2867
2024,"North Dakota","County 0434","DEMOCRAT",11357
2024,"Ohio","County 0435","REPUBLICAN",14709
2024,"Ohio","County 0435","DEMOCRAT",5855
2024,"Oklahoma","County 0436","REPUBLICAN",11528
2024,"Oklahoma","County 0436","DEMOCRAT",12221
2024,"Oregon","County 0437","REPUBLICAN",8899
2024,"Oregon","County 0437","DEMOCRAT",2677
2024,"Pennsylvania","County 0438","REPUBLICAN",996
2024,"Pennsylvania","County 0438","DEMOCRAT",1010
2024,"Rhode Island","County 0439","REPUBLICAN",6779
2024,"Rhode Island","County 0439","DEMOCRAT",9271
2024,"South Carolina","County 0440","REPUBLICAN",1043
2024,"South Carolina","County 0440","DEMOCRAT",955
2024,"South Dakota","County 0441","REPUBLICAN",14632
2024,"South Dakota","County 0441","DEMOCRAT",2992
2024,"Tennessee","County 0442","REPUBLICAN",103010
2024,"Tennessee","County 0442","DEMOCRAT",38005
2024,"Texas","County 0443","REPUBLICAN",14268
2024,"Texas","County 0443","DEMOCRAT",6760
2024,"Utah","County 0444","REPUBLICAN",6832
2024,"Utah","County 0444","DEMOCRAT",6126
2024,"Vermont","County 0445","REPUBLICAN",5344
2024,"Vermont","County 0445","DEMOCRAT",464
2024,"Virginia","County 0446","REPUBLICAN",13813
2024,"Virginia","County 0446","DEMOCRAT",5455
2024,"Washington","County 0447","REPUBLICAN",7578
2024,"Washington","County 0447","DEMOCRAT",4826
2024,"West Virginia","County 0448","REPUBLICAN",2737
2024,"West Virginia","County 0448","DEMOCRAT",1180
2024,"Wisconsin","County 0449","REPUBLICAN",426
2024,"Wisconsin","County 0449","DEMOCRAT",419
2024,"Wyoming","County 0450","REPUBLICAN",5973
2024,"Wyoming","County 0450","DEMOCRAT",2572
2024,"Alabama","County 0451","REPUBLICAN",10227
2024,"Alabama","County 0451","DEMOCRAT",18269
2024,"Alaska","County 0452","REPUBLICAN",2912
2024,"Alaska","County 0452","DEMOCRAT",393
2024,"Arizona","County 0453","REPUBLICAN",17205
2024,"Arizona","County 0453","DEMOCRAT",3134
2024,"Arkansas","County 0454","REPUBLICAN",1505
2024,"Arkansas","County 0454","DEMOCRAT",649
2024,"California","County 0455","REPUBLICAN",4386
2024,"California","County 0455","DEMOCRAT",1675
2024,"Colorado","County 0456","REPUBLICAN",1236
2024,"Colorado","County 0456","DEMOCRAT",2548
2024,"Connecticut","County 0457","REPUBLICAN",3006
2024,"Connecticut","County 0457","DEMOCRAT",2343
2024,"Delaware","County 0458","REPUBLICAN",9350
2024,"Delaware","County 0458","DEMOCRAT",2434
2024,"Florida","County 0459","REPUBLICAN",8613
2024,"Florida","County 0459","DEMOCRAT",4389
2024,"Georgia","County 0460","REPUBLICAN",994
2024,"Georgia","County 0460","DEMOCRAT",396
2024,"Hawaii","County 0461","REPUBLICAN",860
2024,"Hawaii","County 0461","DEMOCRAT",3029
2024,"Idaho","County 0462","REPUBLICAN",2817
2024,"Idaho","County 0462","DEMOCRAT",1339
2024,"Illinois","County 0463","REPUBLICAN",9315
2024,"Illinois","County 0463","DEMOCRAT",11624
2024,"Indiana","County 0464","REPUBLICAN",41904
2024,"Indiana","County 0464","DEMOCRAT",16300
2024,"Iowa","County 0465","REPUBLICAN",21606
2024,"Iowa","County 0465","DEMOCRAT",4357
2024,"Kansas","County 0466","REPUBLICAN",7717
2024,"Kansas","County 0466","DEMOCRAT",3797
2024,"Kentucky","County 0467","REPUBLICAN",481
2024,"Kentucky","County 0467","DEMOCRAT",351
2024,"Louisiana","County 0468","REPUBLICAN",1899
2024,"Louisiana","County 0468","DEMOCRAT",5812
2024,"Maine","County 0469","REPUBLICAN",1196
2024,"Maine","County 0469","DEMOCRAT",1443
2024,"Maryland","County 0470","REPUBLICAN",85482
2024,"Maryland","County 0470","DEMOCRAT",38077
2024,"Massachusetts","County 0471","REPUBLICAN",7556
2024,"Massachusetts","County 0471","DEMOCRAT",5508
2024,"Michigan","County 0472","REPUBLICAN",17605
2024,"Michigan","County 0472","DEMOCRAT",12334
2024,"Minnesota","County 0473","REPUBLICAN",4221
2024,"Minnesota","County 0473","DEMOCRAT",2021
2024,"Mississippi","County 0474","REPUBLICAN",4522
2024,"Mississippi","County 0474","DEMOCRAT",1902
2024,"Missouri","County 0475","REPUBLICAN",2495
2024,"Missouri","County 0475","DEMOCRAT",3696
2024,"Montana","County 0476","REPUBLICAN",13681
2024,"Montana","County 0476","DEMOCRAT",20881
2024,"Nebraska","County 0477","REPUBLICAN",1164
2024,"Nebraska","County 0477","DEMOCRAT",334
2024,"Nevada","County 0478","REPUBLICAN",7852
2024,"Nevada","County 0478","DEMOCRAT",561
2024,"New Hampshire","County 0479","REPUBLICAN",1943
2024,"New Hampshire","County 0479","DEMOCRAT",3285
2024,"New Jersey","County 0480","REPUBLICAN",6614
2024,"New Jersey","County 0480","DEMOCRAT",9493
2024,"New Mexico","County 0481","REPUBLICAN",5694
2024,"New Mexico","County 0481","DEMOCRAT",3266
2024,"New York","County 0482","REPUBLICAN",7318
2024,"New York","County 0482","DEMOCRAT",1072
2024,"North Carolina","County 0483","REPUBLICAN",12783
2024,"North Carolina","County 0483","DEMOCRAT",6354
2024,"North Dakota","County 0484","REPUBLICAN",3491
2024,"North Dakota","County 0484","DEMOCRAT",4688
2024,"Ohio","County 0485","REPUBLICAN",14502
2024,"Ohio","County 0485","DEMOCRAT",20624
2024,"Oklahoma","County 0486","REPUBLICAN",1105
2024,"Oklahoma","County 0486","DEMOCRAT",335
2024,"Oregon","County 0487","REPUBLICAN",17436
2024,"Oregon","County 0487","DEMOCRAT",10725
2024,"Pennsylvania","County 0488","REPUBLICAN",15834
2024,"Pennsylvania","County 0488","DEMOCRAT",16575
2024,"Rhode Island","County 0489","REPUBLICAN",7616
2024,"Rhode Island","County 0489","DEMOCRAT",6287
2024,"South Carolina","County 0490","REPUBLICAN",12708
2024,"South Carolina","County 0490","DEMOCRAT",6819
2024,"South Dakota","County 0491","REPUBLICAN",21576
2024,"South Dakota","County 0491","DEMOCRAT",13010
2024,"Tennessee","County 0492","REPUBLICAN",7518
2024,"Tennessee","County 0492","DEMOCRAT",4747
2024,"Texas","County 0493","REPUBLICAN",3268
2024,"Texas","County 0493","DEMOCRAT",1514
2024,"Utah","County 0494","REPUBLICAN",10095
2024,"Utah","County 0494","DEMOCRAT",3616
2024,"Vermont","County 0495","REPUBLICAN",2865
2024,"Vermont","County 0495","DEMOCRAT",3226
2024,"Virginia","County 0496","REPUBLICAN",15230
2024,"Virginia","County 0496","DEMOCRAT",7161
2024,"Washington","County 0497","REPUBLICAN",5063
2024,"Washington","County 0497","DEMOCRAT",2947
2024,"West Virginia","County 0498","REPUBLICAN",117292
2024,"West Virginia","County 0498","DEMOCRAT",126216
2024,"Wisconsin","County 0499","REPUBLICAN",5049
2024,"Wisconsin","County 0499","DEMOCRAT",1822
2024,"Wyoming","County 0500","REPUBLICAN",905
2024,"Wyoming","County 0500","DEMOCRAT",909
2024,"Alabama","County 0501","REPUBLICAN",857
2024,"Alabama","County 0501","DEMOCRAT",530
2024,"Alaska","County 0502","REPUBLICAN",1425
2024,"Alaska","County 0502","DEMOCRAT",413
2024,"Arizona","County 0503","REPUBLICAN",9633
2024,"Arizona","County 0503","DEMOCRAT",2268
2024,"Arkansas","County 0504","REPUBLICAN",1245
2024,"Arkansas","County 0504","DEMOCRAT",1271
2024,"California","County 0505","REPUBLICAN",5397
2024,"California","County 0505","DEMOCRAT",6807
2024,"Colorado","County 0506","REPUBLICAN",3456
2024,"Colorado","County 0506","DEMOCRAT",1006
2024,"Connecticut","County 0507","REPUBLICAN",53081
2024,"Connecticut","County 0507","DEMOCRAT",17209
2024,"Delaware","County 0508","REPUBLICAN",2558
2024,"Delaware","County 0508","DEMOCRAT",464
2024,"Florida","County 0509","REPUBLICAN",10037
2024,"Florida","County 0509","DEMOCRAT",5221
2024,"Georgia","County 0510","REPUBLICAN",11640
2024,"Georgia","County 0510","DEMOCRAT",7636
2024,"Hawaii","County 0511","REPUBLICAN",3477
2024,"Hawaii","County 0511","DEMOCRAT",1657
2024,"Idaho","County 0512","REPUBLICAN",6432
2024,"Idaho","County 0512","DEMOCRAT",664
2024,"Illinois","County 0513","REPUBLICAN",11290
2024,"Illinois","County 0513","DEMOCRAT",4434
2024,"Indiana","County 0514","REPUBLICAN",2475
2024,"Indiana","County 0514","DEMOCRAT",933
2024,"Iowa","County 0515","REPUBLICAN",13185
2024,"Iowa","County 0515","DEMOCRAT",22848
2024,"Kansas","County 0516","REPUBLICAN",8634
2024,"Kansas","County 0516","DEMOCRAT",5111
2024,"Kentucky","County 0517","REPUBLICAN",17272
2024,"Kentucky","County 0517","DEMOCRAT",8550
2024,"Louisiana","County 0518","REPUBLICAN",21740
2024,"Louisiana","County 0518","DEMOCRAT",6044
2024,"Maine","County 0519","REPUBLICAN",2061
2024,"Maine","County 0519","DEMOCRAT",678
2024,"Maryland","County 0520","REPUBLICAN",2504
2024,"Maryland","County 0520","DEMOCRAT",1701
2024,"Massachusetts","County 0521","REPUBLICAN",6885
2024,"Massachusetts","County 0521","DEMOCRAT",5673
2024,"Michigan","County 0522","REPUBLICAN",514
2024,"Michigan","County 0522","DEMOCRAT",459
2024,"Minnesota","County 0523","REPUBLICAN",9534
2024,"Minnesota","County 0523","DEMOCRAT",624
2024,"Mississippi","County 0524","REPUBLICAN",5126
2024,"Mississippi","County 0524","DEMOCRAT",1853
2024,"Missouri","County 0525","REPUBLICAN",30828
2024,"Missouri","County 0525","DEMOCRAT",17221
2024,"Montana","County 0526","REPUBLICAN",23138
2024,"Montana","County 0526","DEMOCRAT",4925
2024,"Nebraska","County 0527","REPUBLICAN",1948
2024,"Nebraska","County 0527","DEMOCRAT",212
2024,"Nevada","County 0528","REPUBLICAN",24896
2024,"Nevada","County 0528","DEMOCRAT",4475
2024,"New Hampshire","County 0529","REPUBLICAN",12138
2024,"New Hampshire","County 0529","DEMOCRAT",30390
2024,"New Jersey","County 0530","REPUBLICAN",11548
2024,"New Jersey","County 0530","DEMOCRAT",4425
2024,"New Mexico","County 0531","REPUBLICAN",56863
2024,"New Mexico","County 0531","DEMOCRAT",60925
2024,"New York","County 0532","REPUBLICAN",3788
2024,"New York","County 0532","DEMOCRAT",2383
2024,"North Carolina","County 0533","REPUBLICAN",4943
2024,"North Carolina","County 0533","DEMOCRAT",2094
2024,"North Dakota","County 0534","REPUBLICAN",14749
2024,"North Dakota","County 0534","DEMOCRAT",7346
2024,"Ohio","County 0535","REPUBLICAN",1274
2024,"Ohio","County 0535","DEMOCRAT",862
2024,"Oklahoma","County 0536","REPUBLICAN",8501
2024,"Oklahoma","County 0536","DEMOCRAT",1414
2024,"Oregon","County 0537","REPUBLICAN",4503
2024,"Oregon","County 0537","DEMOCRAT",1054
2024,"Pennsylvania","County 0538","REPUBLICAN",1347
2024,"Pennsylvania","County 0538","DEMOCRAT",906
2024,"Rhode Island","County 0539","REPUBLICAN",1479
2024,"Rhode Island","County 0539","DEMOCRAT",1312
2024,"South Carolina","County 0540","REPUBLICAN",19200
2024,"South Carolina","County 0540","DEMOCRAT",12181
2024,"South Dakota","County 0541","REPUBLICAN",4723
2024,"South Dakota","County 0541","DEMOCRAT",2868
2024,"Tennessee","County 0542","REPUBLICAN",16769
2024,"Tennessee","County 0542","DEMOCRAT",9966
2024,"Texas","County 0543","REPUBLICAN",1821
2024,"Texas","County 0543","DEMOCRAT",1601
2024,"Utah","County 0544","REPUBLICAN",2173
2024,"Utah","County 0544","DEMOCRAT",2044
2024,"Vermont","County 0545","REPUBLICAN",18816
2024,"Vermont","County 0545","DEMOCRAT",5052
2024,"Virginia","County 0546","REPUBLICAN",17330
2024,"Virginia","County 0546","DEMOCRAT",10806
2024,"Washington","County 0547","REPUBLICAN",47612
2024,"Washington","County 0547","DEMOCRAT",12436
2024,"West Virginia","County 0548","REPUBLICAN",3230
2024,"West Virginia","County 0548","DEMOCRAT",980
2024,"Wisconsin","County 0549","REPUBLICAN",38565
2024,"Wisconsin","County 0549","DEMOCRAT",21173
2024,"Wyoming","County 0550","REPUBLICAN",10463
2024,"Wyoming","County 0550","DEMOCRAT",8816
2024,"Alabama","County 0551","REPUBLICAN",4565
2024,"Alabama","County 0551","DEMOCRAT",3559
2024,"Alaska","County 0552","REPUBLICAN",451
2024,"Alaska","County 0552","DEMOCRAT",220
2024,"Arizona","County 0553","REPUBLICAN",3689
2024,"Arizona","County 0553","DEMOCRAT",1598
2024,"Arkansas","County 0554","REPUBLICAN",8149
2024,"Arkansas","County 0554","DEMOCRAT",4646
2024,"California","County 0555","REPUBLICAN",708
2024,"California","County 0555","DEMOCRAT",562
2024,"Colorado","County 0556","REPUBLICAN",220200
2024,"Colorado","County 0556","DEMOCRAT",76178
2024,"Connecticut","County 0557","REPUBLICAN",5187
2024,"Connecticut","County 0557","DEMOCRAT",14391
2024,"Delaware","County 0558","REPUBLICAN",11302
2024,"Delaware","County 0558","DEMOCRAT",2791
2024,"Florida","County 0559","REPUBLICAN",57753
2024,"Florida","County 0559","DEMOCRAT",38259
2024,"Georgia","County 0560","REPUBLICAN",2427
2024,"Georgia","County 0560","DEMOCRAT",459
2024,"Hawaii","County 0561","REPUBLICAN",9769
2024,"Hawaii","County 0561","DEMOCRAT",11513
2024,"Idaho","County 0562","REPUBLICAN",1918
2024,"Idaho","County 0562","DEMOCRAT",5519
2024,"Illinois","County 0563","REPUBLICAN",941
2024,"Illinois","County 0563","DEMOCRAT",487
2024,"Indiana","County 0564","REPUBLICAN",424
2024,"Indiana","County 0564","DEMOCRAT",550
2024,"Iowa","County 0565","REPUBLICAN",1915
2024,"Iowa","County 0565","DEMOCRAT",1176
2024,"Kansas","County 0566","REPUBLICAN",1080
2024,"Kansas","County 0566","DEMOCRAT",1143
2024,"Kentucky","County 0567","REPUBLICAN",2407
2024,"Kentucky","County 0567","DEMOCRAT",1946
2024,"Louisiana","County 0568","REPUBLICAN",6089
2024,"Louisiana","County 0568","DEMOCRAT",3258
2024,"Maine","County 0569","REPUBLICAN",7655
2024,"Maine","County 0569","DEMOCRAT",4738
2024,"Maryland","County 0570","REPUBLICAN",6413
2024,"Maryland","County 0570","DEMOCRAT",3732
2024,"Massachusetts","County 0571","REPUBLICAN",15089
2024,"Massachusetts","County 0571","DEMOCRAT",14157
2024,"Michigan","County 0572","REPUBLICAN",2803
2024,"Michigan","County 0572","DEMOCRAT",1253
2024,"Minnesota","County 0573","REPUBLICAN",3639
2024,"Minnesota","County 0573","DEMOCRAT",752
2024,"Mississippi","County 0574","REPUBLICAN",25593
2024,"Mississippi","County 0574","DEMOCRAT",6694
2024,"Missouri","County 0575","REPUBLICAN",33136
2024,"Missouri","County 0575","DEMOCRAT",18474
2024,"Montana","County 0576","REPUBLICAN",1828
2024,"Montana","County 0576","DEMOCRAT",3125
2024,"Nebraska","County 0577","REPUBLICAN",2530
2024,"Nebraska","County 0577","DEMOCRAT",2053
2024,"Nevada","County 0578","REPUBLICAN",18118
2024,"Nevada","County 0578","DEMOCRAT",3705
2024,"New Hampshire","County 0579","REPUBLICAN",451
2024,"New Hampshire","County 0579","DEMOCRAT",229
2024,"New Jersey","County 0580","REPUBLICAN",22166
2024,"New Jersey","County 0580","DEMOCRAT",10453
2024,"New Mexico","County 0581","REPUBLICAN",4252
2024,"New Mexico","County 0581","DEMOCRAT",1495
2024,"New York","County 0582","REPUBLICAN",14946
2024,"New York","County 0582","DEMOCRAT",875
2024,"North Carolina","County 0583","REPUBLICAN",39327
2024,"North Carolina","County 0583","DEMOCRAT",32332
2024,"North Dakota","County 0584","REPUBLICAN",6719
2024,"North Dakota","County 0584","DEMOCRAT",2985
2024,"Ohio","County 0585","REPUBLICAN",5409
2024,"Ohio","County 0585","DEMOCRAT",3947
2024,"Oklahoma","County 0586","REPUBLICAN",1213
2024,"Oklahoma","County 0586","DEMOCRAT",890
2024,"Oregon","County 0587","REPUBLICAN",2671
2024,"Oregon","County 0587","DEMOCRAT",529
2024,"Pennsylvania","County 0588","REPUBLICAN",3034
2024,"Pennsylvania","County 0588","DEMOCRAT",1362
2024,"Rhode Island","County 0589","REPUBLICAN",8062
2024,"Rhode Island","County 0589","DEMOCRAT",2799
2024,"South Carolina","County 0590","REPUBLICAN",7611
2024,"South Carolina","County 0590","DEMOCRAT",5130
2024,"South Dakota","County 0591","REPUBLICAN",821
2024,"South Dakota","County 0591","DEMOCRAT",528
2024,"Tennessee","County 0592","REPUBLICAN",5856
2024,"Tennessee","County 0592","DEMOCRAT",2549
2024,"Texas","County 0593","REPUBLICAN",663
2024,"Texas","County 0593","DEMOCRAT",402
2024,"Utah","County 0594","REPUBLICAN",22897
2024,"Utah","County 0594","DEMOCRAT",10391
2024,"Vermont","County 0595","REPUBLICAN",37900
2024,"Vermont","County 0595","DEMOCRAT",10018
2024,"Virginia","County 0596","REPUBLICAN",10880
2024,"Virginia","County 0596","DEMOCRAT",2413
2024,"Washington","County 0597","REPUBLICAN",7730
2024,"Washington","County 0597","DEMOCRAT",9028
2024,"West Virginia","County 0598","REPUBLICAN",4014
2024,"West Virginia","County 0598","DEMOCRAT",2190
2024,"Wisconsin","County 0599","REPUBLICAN",3063
2024,"Wisconsin","County 0599","DEMOCRAT",5527
2024,"Wyoming","County 0600","REPUBLICAN",405
2024,"Wyoming","County 0600","DEMOCRAT",436
2024,"Alabama","County 0601","REPUBLICAN",1144
2024,"Alabama","County 0601","DEMOCRAT",290
2024,"Alaska","County 0602","REPUBLICAN",2320
2024,"Alaska","County 0602","DEMOCRAT",1434
2024,"Arizona","County 0603","REPUBLICAN",11125
2024,"Arizona","County 0603","DEMOCRAT",4983
2024,"Arkansas","County 0604","REPUBLICAN",571
2024,"Arkansas","County 0604","DEMOCRAT",1289
2024,"California","County 0605","REPUBLICAN",11280
2024,"California","County 0605","DEMOCRAT",3177
2024,"Colorado","County 0606","REPUBLICAN",444
2024,"Colorado","County 0606","DEMOCRAT",460
2024,"Connecticut","County 0607","REPUBLICAN",61673
2024,"Connecticut","County 0607","DEMOCRAT",10185
2024,"Delaware","County 0608","REPUBLICAN",13372
2024,"Delaware","County 0608","DEMOCRAT",4879
2024,"Florida","County 0609","REPUBLICAN",7128
2024,"Florida","County 0609","DEMOCRAT",1781
2024,"Georgia","County 0610","REPUBLICAN",1535
2024,"Georgia","County 0610","DEMOCRAT",458
2024,"Hawaii","County 0611","REPUBLICAN",1193
2024,"Hawaii","County 0611","DEMOCRAT",301
2024,"Idaho","County 0612","REPUBLICAN",46529
2024,"Idaho","County 0612","DEMOCRAT",19019
2024,"Illinois","County 0613","REPUBLICAN",10391
2024,"Illinois","County 0613","DEMOCRAT",10586
2024,"Indiana","County 0614","REPUBLICAN",22668
2024,"Indiana","County 0614","DEMOCRAT",6517
2024,"Iowa","County 0615","REPUBLICAN",155383
2024,"Iowa","County 0615","DEMOCRAT",72783
2024,"Kansas","County 0616","REPUBLICAN",1302
2024,"Kansas","County 0616","DEMOCRAT",300
2024,"Kentucky","County 0617","REPUBLICAN",10408
2024,"Kentucky","County 0617","DEMOCRAT",5452
2024,"Louisiana","County 0618","REPUBLICAN",11505
2024,"Louisiana","County 0618","DEMOCRAT",4247
2024,"Maine","County 0619","REPUBLICAN",22901
2024,"Maine","County 0619","DEMOCRAT",10834
2024,"Maryland","County 0620","REPUBLICAN",16598
2024,"Maryland","County 0620","DEMOCRAT",6562
2024,"Massachusetts","County 0621","REPUBLICAN",7453
2024,"Massachusetts","County 0621","DEMOCRAT",3458
2024,"Michigan","County 0622","REPUBLICAN",886
2024,"Michigan","County 0622","DEMOCRAT",792
2024,"Minnesota","County 0623","REPUBLICAN",26141
2024,"Minnesota","County 0623","DEMOCRAT",14698
2024,"Mississippi","County 0624","REPUBLICAN",11372
2024,"Mississippi","County 0624","DEMOCRAT",3666
2024,"Missouri","County 0625","REPUBLICAN",16163
2024,"Missouri","County 0625","DEMOCRAT",7228
2024,"Montana","County 0626","REPUBLICAN",8024
2024,"Montana","County 0626","DEMOCRAT",2581
2024,"Nebraska","County 0627","REPUBLICAN",7975
2024,"Nebraska","County 0627","DEMOCRAT",2528
2024,"Nevada","County 0628","REPUBLICAN",935
2024,"Nevada","County 0628","DEMOCRAT",505
2024,"New Hampshire","County 0629","REPUBLICAN",3030
2024,"New Hampshire","County 0629","DEMOCRAT",7031
2024,"New Jersey","County 0630","REPUBLICAN",14166
2024,"New Jersey","County 0630","DEMOCRAT",2360
2024,"New Mexico","County 0631","REPUBLICAN",1481
2024,"New Mexico","County 0631","DEMOCRAT",392
2024,"New York","County 0632","REPUBLICAN",798
2024,"New York","County 0632","DEMOCRAT",2734
2024,"North Carolina","County 0633","REPUBLICAN",2868
2024,"North Carolina","County 0633","DEMOCRAT",2352
2024,"North Dakota","County 0634","REPUBLICAN",1981
2024,"North Dakota","County 0634","DEMOCRAT",332
2024,"Ohio","County 0635","REPUBLICAN",7583
2024,"Ohio","County 0635","DEMOCRAT",6824
2024,"Oklahoma","County 0636","REPUBLICAN",1069
2024,"Oklahoma","County 0636","DEMOCRAT",1132
2024,"Oregon","County 0637","REPUBLICAN",97132
2024,"Oregon","County 0637","DEMOCRAT",31048
2024,"Pennsylvania","County 0638","REPUBLICAN",4253
2024,"Pennsylvania","County 0638","DEMOCRAT",3541
2024,"Rhode Island","County 0639","REPUBLICAN",4718
2024,"Rhode Island","County 0639","DEMOCRAT",2283
2024,"South Carolina","County 0640","REPUBLICAN",2606
2024,"South Carolina","County 0640","DEMOCRAT",1656
2024,"South Dakota","County 0641","REPUBLICAN",7206
2024,"South Dakota","County 0641","DEMOCRAT",868
2024,"Tennessee","County 0642","REPUBLICAN",1331
2024,"Tennessee","County 0642","DEMOCRAT",317
2024,"Texas","County 0643","REPUBLICAN",13616
2024,"Texas","County 0643","DEMOCRAT",3472
2024,"Utah","County 0644","REPUBLICAN",7710
2024,"Utah","County 0644","DEMOCRAT",3401
2024,"Vermont","County 0645","REPUBLICAN",53884
2024,"Vermont","County 0645","DEMOCRAT",30186
2024,"Virginia","County 0646","REPUBLICAN",2178
2024,"Virginia","County 0646","DEMOCRAT",532
2024,"Washington","County 0647","REPUBLICAN",6406
2024,"Washington","County 0647","DEMOCRAT",4181
2024,"West Virginia","County 0648","REPUBLICAN",16124
2024,"West Virginia","County 0648","DEMOCRAT",1010
2024,"Wisconsin","County 0649","REPUBLICAN",4473
2024,"Wisconsin","County 0649","DEMOCRAT",1677
2024,"Wyoming","County 0650","REPUBLICAN",29975
2024,"Wyoming","County 0650","DEMOCRAT",8028
2024,"Alabama","County 0651","REPUBLICAN",42521
2024,"Alabama","County 0651","DEMOCRAT",45406
2024,"Alaska","County 0652","REPUBLICAN",1880
2024,"Alaska","County 0652","DEMOCRAT",952
2024,"Arizona","County 0653","REPUBLICAN",30822
2024,"Arizona","County 0653","DEMOCRAT",13546
2024,"Arkansas","County 0654","REPUBLICAN",1656
2024,"Arkansas","County 0654","DEMOCRAT",931
2024,"California","County 0655","REPUBLICAN",2942
2024,"California","County 0655","DEMOCRAT",1622
2024,"Colorado","County 0656","REPUBLICAN",3836
2024,"Colorado","County 0656","DEMOCRAT",988
2024,"Connecticut","County 0657","REPUBLICAN",4914
2024,"Connecticut","County 0657","DEMOCRAT",1318
2024,"Delaware","County 0658","REPUBLICAN",956
2024,"Delaware","County 0658","DEMOCRAT",797
2024,"Florida","County 0659","REPUBLICAN",2230
2024,"Florida","County 0659","DEMOCRAT",651
2024,"Georgia","County 0660","REPUBLICAN",11032
2024,"Georgia","County 0660","DEMOCRAT",7099
2024,"Hawaii","County 0661","REPUBLICAN",12824
2024,"Hawaii","County 0661","DEMOCRAT",1896
2024,"Idaho","County 0662","REPUBLICAN",3767
2024,"Idaho","County 0662","DEMOCRAT",3666
2024,"Illinois","County 0663","REPUBLICAN",9998
2024,"Illinois","County 0663","DEMOCRAT",12600
2024,"Indiana","County 0664","REPUBLICAN",3394
2024,"Indiana","County 0664","DEMOCRAT",2070
2024,"Iowa","County 0665","REPUBLICAN",3034
2024,"Iowa","County 0665","DEMOCRAT",3463
2024,"Kansas","County 0666","REPUBLICAN",15186
2024,"Kansas","County 0666","DEMOCRAT",9549
2024,"Kentucky","County 0667","REPUBLICAN",3495
2024,"Kentucky","County 0667","DEMOCRAT",3834
2024,"Louisiana","County 0668","REPUBLICAN",22126
2024,"Louisiana","County 0668","DEMOCRAT",20782
2024,"Maine","County 0669","REPUBLICAN",2781
2024,"Maine","County 0669","DEMOCRAT",838
2024,"Maryland","County 0670","REPUBLICAN",13491
2024,"Maryland","County 0670","DEMOCRAT",5597
2024,"Massachusetts","County 0671","REPUBLICAN",9125
2024,"Massachusetts","County 0671","DEMOCRAT",3426
2024,"Michigan","County 0672","REPUBLICAN",5014
2024,"Michigan","County 0672","DEMOCRAT",4713
2024,"Minnesota","County 0673","REPUBLICAN",628
2024,"Minnesota","County 0673","DEMOCRAT",351
2024,"Mississippi","County 0674","REPUBLICAN",6721
2024,"Mississippi","County 0674","DEMOCRAT",6839
2024,"Missouri","County 0675","REPUBLICAN",1010
2024,"Missouri","County 0675","DEMOCRAT",627
2024,"Montana","County 0676","REPUBLICAN",1340
2024,"Montana","County 0676","DEMOCRAT",648
2024,"Nebraska","County 0677","REPUBLICAN",14077
2024,"Nebraska","County 0677","DEMOCRAT",5038
2024,"Nevada","County 0678","REPUBLICAN",27356
2024,"Nevada","County 0678","DEMOCRAT",25674
2024,"New Hampshire","County 0679","REPUBLICAN",1492
2024,"New Hampshire","County 0679","DEMOCRAT",524
2024,"New Jersey","County 0680","REPUBLICAN",13651
2024,"New Jersey","County 0680","DEMOCRAT",8503
2024,"New Mexico","County 0681","REPUBLICAN",14046
2024,"New Mexico","County 0681","DEMOCRAT",9712
2024,"New York","County 0682","REPUBLICAN",769
2024,"New York","County 0682","DEMOCRAT",370
2024,"North Carolina","County 0683","REPUBLICAN",1443
2024,"North Carolina","County 0683","DEMOCRAT",1238
2024,"North Dakota","County 0684","REPUBLICAN",6635
2024,"North Dakota","County 0684","DEMOCRAT",531
2024,"Ohio","County 0685","REPUBLICAN",4983
2024,"Ohio","County 0685","DEMOCRAT",2541
2024,"Oklahoma","County 0686","REPUBLICAN",14846
2024,"Oklahoma","County 0686","DEMOCRAT",13138
2024,"Oregon","County 0687","REPUBLICAN",8585
2024,"Oregon","County 0687","DEMOCRAT",4840
2024,"Pennsylvania","County 0688","REPUBLICAN",18021
2024,"Pennsylvania","County 0688","DEMOCRAT",24390
2024,"Rhode Island","County 0689","REPUBLICAN",16203
2024,"Rhode Island","County 0689","DEMOCRAT",12907
2024,"South Carolina","County 0690","REPUBLICAN",13547
2024,"South Carolina","County 0690","DEMOCRAT",7444
2024,"South Dakota","County 0691","REPUBLICAN",25275
2024,"South Dakota","County 0691","DEMOCRAT",4199
2024,"Tennessee","County 0692","REPUBLICAN",1902
2024,"Tennessee","County 0692","DEMOCRAT",1824
2024,"Texas","County 0693","REPUBLICAN",2610
2024,"Texas","County 0693","DEMOCRAT",1864
2024,"Utah","County 0694","REPUBLICAN",39261
2024,"Utah","County 0694","DEMOCRAT",10168
2024,"Vermont","County 0695","REPUBLICAN",2779
2024,"Vermont","County 0695","DEMOCRAT",2444
2024,"Virginia","County 0696","REPUBLICAN",41075
2024,"Virginia","County 0696","DEMOCRAT",20444
2024,"Washington","County 0697","REPUBLICAN",1940
2024,"Washington","County 0697","DEMOCRAT",737
2024,"West Virginia","County 0698","REPUBLICAN",35319
2024,"West Virginia","County 0698","DEMOCRAT",7905
2024,"Wisconsin","County 0699","REPUBLICAN",1981
2024,"Wisconsin","County 0699","DEMOCRAT",1907
2024,"Wyoming","County 0700","REPUBLICAN",36380
2024,"Wyoming","County 0700","DEMOCRAT",21177
2024,"Alabama","County 0701","REPUBLICAN",4247
2024,"Alabama","County 0701","DEMOCRAT",4895
2024,"Alaska","County 0702","REPUBLICAN",745
2024,"Alaska","County 0702","DEMOCRAT",551
2024,"Arizona","County 0703","REPUBLICAN",7106
2024,"Arizona","County 0703","DEMOCRAT",2762
2024,"Arkansas","County 0704","REPUBLICAN",563
2024,"Arkansas","County 0704","DEMOCRAT",963
2024,"California","County 0705","REPUBLICAN",4069
2024,"California","County 0705","DEMOCRAT",2426
2024,"Colorado","County 0706","REPUBLICAN",143447
2024,"Colorado","County 0706","DEMOCRAT",57322
2024,"Connecticut","County 0707","REPUBLICAN",2299
2024,"Connecticut","County 0707","DEMOCRAT",718
2024,"Delaware","County 0708","REPUBLICAN",14125
2024,"Delaware","County 0708","DEMOCRAT",6449
2024,"Florida","County 0709","REPUBLICAN",10896
2024,"Florida","County 0709","DEMOCRAT",2947
2024,"Georgia","County 0710","REPUBLICAN",50661
2024,"Georgia","County 0710","DEMOCRAT",11265
2024,"Hawaii","County 0711","REPUBLICAN",20356
2024,"Hawaii","County 0711","DEMOCRAT",3143
2024,"Idaho","County 0712","REPUBLICAN",962
2024,"Idaho","County 0712","DEMOCRAT",322
2024,"Illinois","County 0713","REPUBLICAN",5561
2024,"Illinois","County 0713","DEMOCRAT",5790
2024,"Indiana","County 0714","REPUBLICAN",3410
2024,"Indiana","County 0714","DEMOCRAT",3403
2024,"Iowa","County 0715","REPUBLICAN",15838
2024,"Iowa","County 0715","DEMOCRAT",4633
2024,"Kansas","County 0716","REPUBLICAN",8723
2024,"Kansas","County 0716","DEMOCRAT",4611
2024,"Kentucky","County 0717","REPUBLICAN",41639
2024,"Kentucky","County 0717","DEMOCRAT",14141
2024,"Louisiana","County 0718","REPUBLICAN",65397
2024,"Louisiana","County 0718","DEMOCRAT",34323
2024,"Maine","County 0719","REPUBLICAN",1343
2024,"Maine","County 0719","DEMOCRAT",3124
2024,"Maryland","County 0720","REPUBLICAN",1676
2024,"Maryland","County 0720","DEMOCRAT",1534
2024,"Massachusetts","County 0721","REPUBLICAN",9412
2024,"Massachusetts","County 0721","DEMOCRAT",7726
2024,"Michigan","County 0722","REPUBLICAN",12031
2024,"Michigan","County 0722","DEMOCRAT",15440
2024,"Minnesota","County 0723","REPUBLICAN",553
2024,"Minnesota","County 0723","DEMOCRAT",598
2024,"Mississippi","County 0724","REPUBLICAN",15833
2024,"Mississippi","County 0724","DEMOCRAT",7686
2024,"Missouri","County 0725","REPUBLICAN",1580
2024,"Missouri","County 0725","DEMOCRAT",734
2024,"Montana","County 0726","REPUBLICAN",38953
2024,"Montana","County 0726","DEMOCRAT",6661
2024,"Nebraska","County 0727","REPUBLICAN",84511
2024,"Nebraska","County 0727","DEMOCRAT",21415
2024,"Nevada","County 0728","REPUBLICAN",2524
2024,"Nevada","County 0728","DEMOCRAT",2931
2024,"New Hampshire","County 0729","REPUBLICAN",1859
2024,"New Hampshire","County 0729","DEMOCRAT",1527
2024,"New Jersey","County 0730","REPUBLICAN",5022
2024,"New Jersey","County 0730","DEMOCRAT",2976
2024,"New Mexico","County 0731","REPUBLICAN",2895
2024,"New Mexico","County 0731","DEMOCRAT",779
2024,"New York","County 0732","REPUBLICAN",5711
2024,"New York","County 0732","DEMOCRAT",3668
2024,"North Carolina","County 0733","REPUBLICAN",3027
2024,"North Carolina","County 0733","DEMOCRAT",852
2024,"North Dakota","County 0734","REPUBLICAN",39413
2024,"North Dakota","County 0734","DEMOCRAT",27541
2024,"Ohio","County 0735","REPUBLICAN",1866
2024,"Ohio","County 0735","DEMOCRAT",974
2024,"Oklahoma","County 0736","REPUBLICAN",2503
2024,"Oklahoma","County 0736","DEMOCRAT",1267
2024,"Oregon","County 0737","REPUBLICAN",1907
2024,"Oregon","County 0737","DEMOCRAT",1705
2024,"Pennsylvania","County 0738","REPUBLICAN",14573
2024,"Pennsylvania","County 0738","DEMOCRAT",2821
2024,"Rhode Island","County 0739","REPUBLICAN",2823
2024,"Rhode Island","County 0739","DEMOCRAT",4002
2024,"South Carolina","County 0740","REPUBLICAN",11651
2024,"South Carolina","County 0740","DEMOCRAT",4609
2024,"South Dakota","County 0741","REPUBLICAN",1154
2024,"South Dakota","County 0741","DEMOCRAT",856
2024,"Tennessee","County 0742","REPUBLICAN",4303
2024,"Tennessee","County 0742","DEMOCRAT",3531
2024,"Texas","County 0743","REPUBLICAN",2842
2024,"Texas","County 0743","DEMOCRAT",2426
2024,"Utah","County 0744","REPUBLICAN",16366
2024,"Utah","County 0744","DEMOCRAT",9044
2024,"Vermont","County 0745","REPUBLICAN",12391
2024,"Vermont","County 0745","DEMOCRAT",13088
2024,"Virginia","County 0746","REPUBLICAN",17505
2024,"Virginia","County 0746","DEMOCRAT",24658
2024,"Washington","County 0747","REPUBLICAN",19786
2024,"Washington","County 0747","DEMOCRAT",10695
2024,"West Virginia","County 0748","REPUBLICAN",3644
2024,"West Virginia","County 0748","DEMOCRAT",1173
2024,"Wisconsin","County 0749","REPUBLICAN",829
2024,"Wisconsin","County 0749","DEMOCRAT",242
2024,"Wyoming","County 0750","REPUBLICAN",3322
2024,"Wyoming","County 0750","DEMOCRAT",7904
2024,"Alabama","County 0751","REPUBLICAN",6102
2024,"Alabama","County 0751","DEMOCRAT",3735
2024,"Alaska","County 0752","REPUBLICAN",1957
2024,"Alaska","County 0752","DEMOCRAT",1000
2024,"Arizona","County 0753","REPUBLICAN",22491
2024,"Arizona","County 0753","DEMOCRAT",16867
2024,"Arkansas","County 0754","REPUBLICAN",1595
2024,"Arkansas","County 0754","DEMOCRAT",5336
2024,"California","County 0755","REPUBLICAN",3372
2024,"California","County 0755","DEMOCRAT",1228
2024,"Colorado","County 0756","REPUBLICAN",1814
2024,"Colorado","County 0756","DEMOCRAT",736
2024,"Connecticut","County 0757","REPUBLICAN",4489
2024,"Connecticut","County 0757","DEMOCRAT",4160
2024,"Delaware","County 0758","REPUBLICAN",25650
2024,"Delaware","County 0758","DEMOCRAT",5853
2024,"Florida","County 0759","REPUBLICAN",39763
2024,"Florida","County 0759","DEMOCRAT",25374
2024,"Georgia","County 0760","REPUBLICAN",21702
2024,"Georgia","County 0760","DEMOCRAT",18593
2024,"Hawaii","County 0761","REPUBLICAN",2188
2024,"Hawaii","County 0761","DEMOCRAT",658
2024,"Idaho","County 0762","REPUBLICAN",7223
2024,"Idaho","County 0762","DEMOCRAT",1512
2024,"Illinois","County 0763","REPUBLICAN",13304
2024,"Illinois","County 0763","DEMOCRAT",4264
2024,"Indiana","County 0764","REPUBLICAN",10449
2024,"Indiana","County 0764","DEMOCRAT",3163
2024,"Iowa","County 0765","REPUBLICAN",4874
2024,"Iowa","County 0765","DEMOCRAT",1623
2024,"Kansas","County 0766","REPUBLICAN",4014
2024,"Kansas","County 0766","DEMOCRAT",3804
2024,"Kentucky","County 0767","REPUBLICAN",39226
2024,"Kentucky","County 0767","DEMOCRAT",36461
2024,"Louisiana","County 0768","REPUBLICAN",6024
2024,"Louisiana","County 0768","DEMOCRAT",1150
2024,"Maine","County 0769","REPUBLICAN",10083
2024,"Maine","County 0769","DEMOCRAT",6795
2024,"Maryland","County 0770","REPUBLICAN",2672
2024,"Maryland","County 0770","DEMOCRAT",102
2024,"Massachusetts","County 0771","REPUBLICAN",2166
2024,"Massachusetts","County 0771","DEMOCRAT",655
2024,"Michigan","County 0772","REPUBLICAN",13799
2024,"Michigan","County 0772","DEMOCRAT",7208
2024,"Minnesota","County 0773","REPUBLICAN",17347
2024,"Minnesota","County 0773","DEMOCRAT",9676
2024,"Mississippi","County 0774","REPUBLICAN",2231
2024,"Mississippi","County 0774","DEMOCRAT",3595
2024,"Missouri","County 0775","REPUBLICAN",3086
2024,"Missouri","County 0775","DEMOCRAT",2792
2024,"Montana","County 0776","REPUBLICAN",13793
2024,"Montana","County 0776","DEMOCRAT",18125
2024,"Nebraska","County 0777","REPUBLICAN",7973
2024,"Nebraska","County 0777","DEMOCRAT",5706
2024,"Nevada","County 0778","REPUBLICAN",4200
2024,"Nevada","County 0778","DEMOCRAT",2703
2024,"New Hampshire","County 0779","REPUBLICAN",5852
2024,"New Hampshire","County 0779","DEMOCRAT",2834
2024,"New Jersey","County 0780","REPUBLICAN",3098
2024,"New Jersey","County 0780","DEMOCRAT",1635
2024,"New Mexico","County 0781","REPUBLICAN",1202
2024,"New Mexico","County 0781","DEMOCRAT",624
2024,"New York","County 0782","REPUBLICAN",7349
2024,"New York","County 0782","DEMOCRAT",6832
2024,"North Carolina","County 0783","REPUBLICAN",9290
2024,"North Carolina","County 0783","DEMOCRAT",6506
2024,"North Dakota","County 0784","REPUBLICAN",4691
2024,"North Dakota","County 0784","DEMOCRAT",710
2024,"Ohio","County 0785","REPUBLICAN",11238
2024,"Ohio","County 0785","DEMOCRAT",4003
2024,"Oklahoma","County 0786","REPUBLICAN",1034
2024,"Oklahoma","County 0786","DEMOCRAT",699
2024,"Oregon","County 0787","REPUBLICAN",26911
2024,"Oregon","County 0787","DEMOCRAT",14839
2024,"Pennsylvania","County 0788","REPUBLICAN",3620
2024,"Pennsylvania","County 0788","DEMOCRAT",2415
2024,"Rhode Island","County 0789","REPUBLICAN",1651
2024,"Rhode Island","County 0789","DEMOCRAT",488
2024,"South Carolina","County 0790","REPUBLICAN",1487
2024,"South Carolina","County 0790","DEMOCRAT",657
2024,"South Dakota","County 0791","REPUBLICAN",35345
2024,"South Dakota","County 0791","DEMOCRAT",17365
2024,"Tennessee","County 0792","REPUBLICAN",1096
2024,"Tennessee","County 0792","DEMOCRAT",290
2024,"Texas","County 0793","REPUBLICAN",47637
2024,"Texas","County 0793","DEMOCRAT",18997
2024,"Utah","County 0794","REPUBLICAN",23578
2024,"Utah","County 0794","DEMOCRAT",12856
2024,"Vermont","County 0795","REPUBLICAN",16413
2024,"Vermont","County 0795","DEMOCRAT",12204
2024,"Virginia","County 0796","REPUBLICAN",17559
2024,"Virginia","County 0796","DEMOCRAT",9067
2024,"Washington","County 0797","REPUBLICAN",31910
2024,"Washington","County 0797","DEMOCRAT",23160
2024,"West Virginia","County 0798","REPUBLICAN",8680
2024,"West Virginia","County 0798","DEMOCRAT",7641
2024,"Wisconsin","County 0799","REPUBLICAN",1689
2024,"Wisconsin","County 0799","DEMOCRAT",2277
2024,"Wyoming","County 0800","REPUBLICAN",2241
2024,"Wyoming","County 0800","DEMOCRAT",1845
2024,"Alabama","County 0801","REPUBLICAN",4940
2024,"Alabama","County 0801","DEMOCRAT",5998
2024,"Alaska","County 0802","REPUBLICAN",1737
2024,"Alaska","County 0802","DEMOCRAT",330
2024,"Arizona","County 0803","REPUBLICAN",19706
2024,"Arizona","County 0803","DEMOCRAT",17179
2024,"Arkansas","County 0804","REPUBLICAN",743
2024,"Arkansas","County 0804","DEMOCRAT",441
2024,"California","County 0805","REPUBLICAN",7273
2024,"California","County 0805","DEMOCRAT",13171
2024,"Colorado","County 0806","REPUBLICAN",2970
2024,"Colorado","County 0806","DEMOCRAT",2055
2024,"Connecticut","County 0807","REPUBLICAN",10663
2024,"Connecticut","County 0807","DEMOCRAT",5797
2024,"Delaware","County 0808","REPUBLICAN",4523
2024,"Delaware","County 0808","DEMOCRAT",907
2024,"Florida","County 0809","REPUBLICAN",17434
2024,"Florida","County 0809","DEMOCRAT",3421
2024,"Georgia","County 0810","REPUBLICAN",922
2024,"Georgia","County 0810","DEMOCRAT",359
2024,"Hawaii","County 0811","REPUBLICAN",785
2024,"Hawaii","County 0811","DEMOCRAT",431
2024,"Idaho","County 0812","REPUBLICAN",1817
2024,"Idaho","County 0812","DEMOCRAT",798
2024,"Illinois","County 0813","REPUBLICAN",6912
2024,"Illinois","County 0813","DEMOCRAT",900
2024,"Indiana","County 0814","REPUBLICAN",8629
2024,"Indiana","County 0814","DEMOCRAT",2716
2024,"Iowa","County 0815","REPUBLICAN",958
2024,"Iowa","County 0815","DEMOCRAT",689
2024,"Kansas","County 0816","REPUBLICAN",78847
2024,"Kansas","County 0816","DEMOCRAT",43317
2024,"Kentucky","County 0817","REPUBLICAN",38599
2024,"Kentucky","County 0817","DEMOCRAT",25363
2024,"Louisiana","County 0818","REPUBLICAN",74797
2024,"Louisiana","County 0818","DEMOCRAT",34113
2024,"Maine","County 0819","REPUBLICAN",1056
2024,"Maine","County 0819","DEMOCRAT",201
2024,"Maryland","County 0820","REPUBLICAN",392
2024,"Maryland","County 0820","DEMOCRAT",303
2024,"Massachusetts","County 0821","REPUBLICAN",2745
2024,"Massachusetts","County 0821","DEMOCRAT",967
2024,"Michigan","County 0822","REPUBLICAN",7536
2024,"Michigan","County 0822","DEMOCRAT",4527
2024,"Minnesota","County 0823","REPUBLICAN",9514
2024,"Minnesota","County 0823","DEMOCRAT",3530
2024,"Mississippi","County 0824","REPUBLICAN",1204
2024,"Mississippi","County 0824","DEMOCRAT",1613
2024,"Missouri","County 0825","REPUBLICAN",5121
2024,"Missouri","County 0825","DEMOCRAT",9907
2024,"Montana","County 0826","REPUBLICAN",1055
2024,"Montana","County 0826","DEMOCRAT",895
2024,"Nebraska","County 0827","REPUBLICAN",266552
2024,"Nebraska","County 0827","DEMOCRAT",65565
2024,"Nevada","County 0828","REPUBLICAN",12908
2024,"Nevada","County 0828","DEMOCRAT",14252
2024,"New Hampshire","County 0829","REPUBLICAN",42978
2024,"New Hampshire","County 0829","DEMOCRAT",22885
2024,"New Jersey","County 0830","REPUBLICAN",53011
2024,"New Jersey","County 0830","DEMOCRAT",9477
2024,"New Mexico","County 0831","REPUBLICAN",1988
2024,"New Mexico","County 0831","DEMOCRAT",1527
2024,"New York","County 0832","REPUBLICAN",1484
2024,"New York","County 0832","DEMOCRAT",883
2024,"North Carolina","County 0833","REPUBLICAN",3578
2024,"North Carolina","County 0833","DEMOCRAT",5042
2024,"North Dakota","County 0834","REPUBLICAN",3821
2024,"North Dakota","County 0834","DEMOCRAT",2321
2024,"Ohio","County 0835","REPUBLICAN",40219
2024,"Ohio","County 0835","DEMOCRAT",13982
2024,"Oklahoma","County 0836","REPUBLICAN",4525
2024,"Oklahoma","County 0836","DEMOCRAT",5809
2024,"Oregon","County 0837","REPUBLICAN",47228
2024,"Oregon","County 0837","DEMOCRAT",17689
2024,"Pennsylvania","County 0838","REPUBLICAN",4168
2024,"Pennsylvania","County 0838","DEMOCRAT",1233
2024,"Rhode Island","County 0839","REPUBLICAN",19192
2024,"Rhode Island","County 0839","DEMOCRAT",19973
2024,"South Carolina","County 0840","REPUBLICAN",1547
2024,"South Carolina","County 0840","DEMOCRAT",1338
2024,"South Dakota","County 0841","REPUBLICAN",3132
2024,"South Dakota","County 0841","DEMOCRAT",653
2024,"Tennessee","County 0842","REPUBLICAN",10010
2024,"Tennessee","County 0842","DEMOCRAT",8675
2024,"Texas","County 0843","REPUBLICAN",6536
2024,"Texas","County 0843","DEMOCRAT",1520
2024,"Utah","County 0844","REPUBLICAN",7955
2024,"Utah","County 0844","DEMOCRAT",2093
2024,"Vermont","County 0845","REPUBLICAN",215
2024,"Vermont","County 0845","DEMOCRAT",250
2024,"Virginia","County 0846","REPUBLICAN",12625
2024,"Virginia","County 0846","DEMOCRAT",5690
2024,"Washington","County 0847","REPUBLICAN",7850
2024,"Washington","County 0847","DEMOCRAT",4531
2024,"West Virginia","County 0848","REPUBLICAN",8296
2024,"West Virginia","County 0848","DEMOCRAT",11430
2024,"Wisconsin","County 0849","REPUBLICAN",1615
2024,"Wisconsin","County 0849","DEMOCRAT",616
2024,"Wyoming","County 0850","REPUBLICAN",6154
2024,"Wyoming","County 0850","DEMOCRAT",1781
2024,"Alabama","County 0851","REPUBLICAN",1927
2024,"Alabama","County 0851","DEMOCRAT",863
2024,"Alaska","County 0852","REPUBLICAN",10572
2024,"Alaska","County 0852","DEMOCRAT",1481
2024,"Arizona","County 0853","REPUBLICAN",47189
2024,"Arizona","County 0853","DEMOCRAT",14606
2024,"Arkansas","County 0854","REPUBLICAN",723
2024,"Arkansas","County 0854","DEMOCRAT",769
2024,"California","County 0855","REPUBLICAN",4379
2024,"California","County 0855","DEMOCRAT",3171
2024,"Colorado","County 0856","REPUBLICAN",14446
2024,"Colorado","County 0856","DEMOCRAT",2970
2024,"Connecticut","County 0857","REPUBLICAN",654
2024,"Connecticut","County 0857","DEMOCRAT",550
2024,"Delaware","County 0858","REPUBLICAN",355
2024,"Delaware","County 0858","DEMOCRAT",134
2024,"Florida","County 0859","REPUBLICAN",1370
2024,"Florida","County 0859","DEMOCRAT",1140
2024,"Georgia","County 0860","REPUBLICAN",595
2024,"Georgia","County 0860","DEMOCRAT",377
2024,"Hawaii","County 0861","REPUBLICAN",15617
2024,"Hawaii","County 0861","DEMOCRAT",13716
2024,"Idaho","County 0862","REPUBLICAN",1410
2024,"Idaho","County 0862","DEMOCRAT",970
2024,"Illinois","County 0863","REPUBLICAN",7231
2024,"Illinois","County 0863","DEMOCRAT",1185
2024,"Indiana","County 0864","REPUBLICAN",4396
2024,"Indiana","County 0864","DEMOCRAT",3261
2024,"Iowa","County 0865","REPUBLICAN",6037
2024,"Iowa","County 0865","DEMOCRAT",5151
2024,"Kansas","County 0866","REPUBLICAN",19230
2024,"Kansas","County 0866","DEMOCRAT",9583
2024,"Kentucky","County 0867","REPUBLICAN",6221
2024,"Kentucky","County 0867","DEMOCRAT",3048
2024,"Louisiana","County 0868","REPUBLICAN",9326
2024,"Louisiana","County 0868","DEMOCRAT",1431
2024,"Maine","County 0869","REPUBLICAN",3535
2024,"Maine","County 0869","DEMOCRAT",956
2024,"Maryland","County 0870","REPUBLICAN",937
2024,"Maryland","County 0870","DEMOCRAT",1049
2024,"Massachusetts","County 0871","REPUBLICAN",1349
2024,"Massachusetts","County 0871","DEMOCRAT",743
2024,"Michigan","County 0872","REPUBLICAN",4018
2024,"Michigan","County 0872","DEMOCRAT",5710
2024,"Minnesota","County 0873","REPUBLICAN",6864
2024,"Minnesota","County 0873","DEMOCRAT",2670
2024,"Mississippi","County 0874","REPUBLICAN",1660
2024,"Mississippi","County 0874","DEMOCRAT",754
2024,"Missouri","County 0875","REPUBLICAN",3058
2024,"Missouri","County 0875","DEMOCRAT",1995
2024,"Montana","County 0876","REPUBLICAN",6907
2024,"Montana","County 0876","DEMOCRAT",6697
2024,"Nebraska","County 0877","REPUBLICAN",1849
2024,"Nebraska","County 0877","DEMOCRAT",2150
2024,"Nevada","County 0878","REPUBLICAN",11785
2024,"Nevada","County 0878","DEMOCRAT",3711
2024,"New Hampshire","County 0879","REPUBLICAN",11819
2024,"New Hampshire","County 0879","DEMOCRAT",6957
2024,"New Jersey","County 0880","REPUBLICAN",16717
2024,"New Jersey","County 0880","DEMOCRAT",18246
2024,"New Mexico","County 0881","REPUBLICAN",25817
2024,"New Mexico","County 0881","DEMOCRAT",2579
2024,"New York","County 0882","REPUBLICAN",5868
2024,"New York","County 0882","DEMOCRAT",8540
2024,"North Carolina","County 0883","REPUBLICAN",5957
2024,"North Carolina","County 0883","DEMOCRAT",2637
2024,"North Dakota","County 0884","REPUBLICAN",4069
2024,"North Dakota","County 0884","DEMOCRAT",1447
2024,"Ohio","County 0885","REPUBLICAN",2749
2024,"Ohio","County 0885","DEMOCRAT",1569
2024,"Oklahoma","County 0886","REPUBLICAN",2122
2024,"Oklahoma","County 0886","DEMOCRAT",1023
2024,"Oregon","County 0887","REPUBLICAN",13204
2024,"Oregon","County 0887","DEMOCRAT",10775
2024,"Pennsylvania","County 0888","REPUBLICAN",7435
2024,"Pennsylvania","County 0888","DEMOCRAT",5233
2024,"Rhode Island","County 0889","REPUBLICAN",11329
2024,"Rhode Island","County 0889","DEMOCRAT",7148
2024,"South Carolina","County 0890","REPUBLICAN",7978
2024,"South Carolina","County 0890","DEMOCRAT",3984
2024,"South Dakota","County 0891","REPUBLICAN",4643
2024,"South Dakota","County 0891","DEMOCRAT",3877
2024,"Tennessee","County 0892","REPUBLICAN",3016
2024,"Tennessee","County 0892","DEMOCRAT",1139
2024,"Texas","County 0893","REPUBLICAN",214
2024,"Texas","County 0893","DEMOCRAT",111
2024,"Utah","County 0894","REPUBLICAN",557
2024,"Utah","County 0894","DEMOCRAT",427
2024,"Vermont","County 0895","REPUBLICAN",2577
2024,"Vermont","County 0895","DEMOCRAT",1477
2024,"Virginia","County 0896","REPUBLICAN",3499
2024,"Virginia","County 0896","DEMOCRAT",3023
2024,"Washington","County 0897","REPUBLICAN",5064
2024,"Washington","County 0897","DEMOCRAT",2373
2024,"West Virginia","County 0898","REPUBLICAN",3988
2024,"West Virginia","County 0898","DEMOCRAT",1022
2024,"Wisconsin","County 0899","REPUBLICAN",1582
2024,"Wisconsin","County 0899","DEMOCRAT",878
2024,"Wyoming","County 0900","REPUBLICAN",593
2024,"Wyoming","County 0900","DEMOCRAT",123
2024,"Alabama","County 0901","REPUBLICAN",3769
2024,"Alabama","County 0901","DEMOCRAT",886
2024,"Alaska","County 0902","REPUBLICAN",2165
2024,"Alaska","County 0902","DEMOCRAT",1255
2024,"Arizona","County 0903","REPUBLICAN",7442
2024,"Arizona","County 0903","DEMOCRAT",2190
2024,"Arkansas","County 0904","REPUBLICAN",13780
2024,"Arkansas","County 0904","DEMOCRAT",22224
2024,"California","County 0905","REPUBLICAN",3559
2024,"California","County 0905","DEMOCRAT",593
2024,"Colorado","County 0906","REPUBLICAN",33951
2024,"Colorado","County 0906","DEMOCRAT",8651
2024,"Connecticut","County 0907","REPUBLICAN",5902
2024,"Connecticut","County 0907","DEMOCRAT",1171
2024,"Delaware","County 0908","REPUBLICAN",1915
2024,"Delaware","County 0908","DEMOCRAT",452
2024,"Florida","County 0909","REPUBLICAN",4069
2024,"Florida","County 0909","DEMOCRAT",4746
2024,"Georgia","County 0910","REPUBLICAN",4577
2024,"Georgia","County 0910","DEMOCRAT",9754
2024,"Hawaii","County 0911","REPUBLICAN",30927
2024,"Hawaii","County 0911","DEMOCRAT",9168
2024,"Idaho","County 0912","REPUBLICAN",9292
2024,"Idaho","County 0912","DEMOCRAT",7058
2024,"Illinois","County 0913","REPUBLICAN",2992
2024,"Illinois","County 0913","DEMOCRAT",2906
2024,"Indiana","County 0914","REPUBLICAN",16370
2024,"Indiana","County 0914","DEMOCRAT",4746
2024,"Iowa","County 0915","REPUBLICAN",2721
2024,"Iowa","County 0915","DEMOCRAT",1879
2024,"Kansas","County 0916","REPUBLICAN",3232
2024,"Kansas","County 0916","DEMOCRAT",1599
2024,"Kentucky","County 0917","REPUBLICAN",7204
2024,"Kentucky","County 0917","DEMOCRAT",7106
2024,"Louisiana","County 0918","REPUBLICAN",10449
2024,"Louisiana","County 0918","DEMOCRAT",8215
2024,"Maine","County 0919","REPUBLICAN",4436
2024,"Maine","County 0919","DEMOCRAT",2857
2024,"Maryland","County 0920","REPUBLICAN",8829
2024,"Maryland","County 0920","DEMOCRAT",2907
2024,"Massachusetts","County 0921","REPUBLICAN",1124
2024,"Massachusetts","County 0921","DEMOCRAT",617
2024,"Michigan","County 0922","REPUBLICAN",5599
2024,"Michigan","County 0922","DEMOCRAT",2914
2024,"Minnesota","County 0923","REPUBLICAN",847
2024,"Minnesota","County 0923","DEMOCRAT",816
2024,"Mississippi","County 0924","REPUBLICAN",8661
2024,"Mississippi","County 0924","DEMOCRAT",6141
2024,"Missouri","County 0925","REPUBLICAN",7553
2024,"Missouri","County 0925","DEMOCRAT",1606
2024,"Montana","County 0926","REPUBLICAN",4288
2024,"Montana","County 0926","DEMOCRAT",3614
2024,"Nebraska","County 0927","REPUBLICAN",11174
2024,"Nebraska","County 0927","DEMOCRAT",1143
2024,"Nevada","County 0928","REPUBLICAN",12547
2024,"Nevada","County 0928","DEMOCRAT",6285
2024,"New Hampshire","County 0929","REPUBLICAN",2419
2024,"New Hampshire","County 0929","DEMOCRAT",1676
2024,"New Jersey","County 0930","REPUBLICAN",20844
2024,"New Jersey","County 0930","DEMOCRAT",18655
2024,"New Mexico","County 0931","REPUBLICAN",7187
2024,"New Mexico","County 0931","DEMOCRAT",7739
2024,"New York","County 0932","REPUBLICAN",10630
2024,"New York","County 0932","DEMOCRAT",14801
2024,"North Carolina","County 0933","REPUBLICAN",10892
2024,"North Carolina","County 0933","DEMOCRAT",3085
2024,"North Dakota","County 0934","REPUBLICAN",3855
2024,"North Dakota","County 0934","DEMOCRAT",974
2024,"Ohio","County 0935","REPUBLICAN",8662
2024,"Ohio","County 0935","DEMOCRAT",7320
2024,"Oklahoma","County 0936","REPUBLICAN",6527
2024,"Oklahoma","County 0936","DEMOCRAT",14958
2024,"Oregon","County 0937","REPUBLICAN",5657
2024,"Oregon","County 0937","DEMOCRAT",2601
2024,"Pennsylvania","County 0938","REPUBLICAN",13839
2024,"Pennsylvania","County 0938","DEMOCRAT",12318
2024,"Rhode Island","County 0939","REPUBLICAN",7355
2024,"Rhode Island","County 0939","DEMOCRAT",3862
2024,"South Carolina","County 0940","REPUBLICAN",33318
2024,"South Carolina","County 0940","DEMOCRAT",28468
2024,"South Dakota","County 0941","REPUBLICAN",4420
2024,"South Dakota","County 0941","DEMOCRAT",3306
2024,"Tennessee","County 0942","REPUBLICAN",3489
2024,"Tennessee","County 0942","DEMOCRAT",8905
2024,"Texas","County 0943","REPUBLICAN",39609
2024,"Texas","County 0943","DEMOCRAT",22730
2024,"Utah","County 0944","REPUBLICAN",19852
2024,"Utah","County 0944","DEMOCRAT",6289
2024,"Vermont","County 0945","REPUBLICAN",30780
2024,"Vermont","County 0945","DEMOCRAT",21455
2024,"Virginia","County 0946","REPUBLICAN",20866
2024,"Virginia","County 0946","DEMOCRAT",17358
2024,"Washington","County 0947","REPUBLICAN",14114
2024,"Washington","County 0947","DEMOCRAT",6241
2024,"West Virginia","County 0948","REPUBLICAN",1137
2024,"West Virginia","County 0948","DEMOCRAT",1332
2024,"Wisconsin","County 0949","REPUBLICAN",27382
2024,"Wisconsin","County 0949","DEMOCRAT",25045
2024,"Wyoming","County 0950","REPUBLICAN",6592
2024,"Wyoming","County 0950","DEMOCRAT",2935
2024,"Alabama","County 0951","REPUBLICAN",8163
2024,"Alabama","County 0951","DEMOCRAT",3691
2024,"Alaska","County 0952","REPUBLICAN",17150
2024,"Alaska","County 0952","DEMOCRAT",34432
2024,"Arizona","County 0953","REPUBLICAN",2421
2024,"Arizona","County 0953","DEMOCRAT",3543
2024,"Arkansas","County 0954","REPUBLICAN",5682
2024,"Arkansas","County 0954","DEMOCRAT",4082
2024,"California","County 0955","REPUBLICAN",1342
2024,"California","County 0955","DEMOCRAT",920
2024,"Colorado","County 0956","REPUBLICAN",11104
2024,"Colorado","County 0956","DEMOCRAT",7440
2024,"Connecticut","County 0957","REPUBLICAN",1637
2024,"Connecticut","County 0957","DEMOCRAT",2160
2024,"Delaware","County 0958","REPUBLICAN",5762
2024,"Delaware","County 0958","DEMOCRAT",4731
2024,"Florida","County 0959","REPUBLICAN",10438
2024,"Florida","County 0959","DEMOCRAT",6472
2024,"Georgia","County 0960","REPUBLICAN",1093
2024,"Georgia","County 0960","DEMOCRAT",1112
2024,"Hawaii","County 0961","REPUBLICAN",1097
2024,"Hawaii","County 0961","DEMOCRAT",975
2024,"Idaho","County 0962","REPUBLICAN",46097
2024,"Idaho","County 0962","DEMOCRAT",17505
2024,"Illinois","County 0963","REPUBLICAN",5002
2024,"Illinois","County 0963","DEMOCRAT",2517
2024,"Indiana","County 0964","REPUBLICAN",9634
2024,"Indiana","County 0964","DEMOCRAT",2588
2024,"Iowa","County 0965","REPUBLICAN",9589
2024,"Iowa","County 0965","DEMOCRAT",5232
2024,"Kansas","County 0966","REPUBLICAN",148978
2024,"Kansas","County 0966","DEMOCRAT",9505
2024,"Kentucky","County 0967","REPUBLICAN",6134
2024,"Kentucky","County 0967","DEMOCRAT",7712
2024,"Louisiana","County 0968","REPUBLICAN",3052
2024,"Louisiana","County 0968","DEMOCRAT",1241
2024,"Maine","County 0969","REPUBLICAN",5027
2024,"Maine","County 0969","DEMOCRAT",1817
2024,"Maryland","County 0970","REPUBLICAN",18246
2024,"Maryland","County 0970","DEMOCRAT",5329
2024,"Massachusetts","County 0971","REPUBLICAN",1045
2024,"Massachusetts","County 0971","DEMOCRAT",408
2024,"Michigan","County 0972","REPUBLICAN",2666
2024,"Michigan","County 0972","DEMOCRAT",1802
2024,"Minnesota","County 0973","REPUBLICAN",17791
2024,"Minnesota","County 0973","DEMOCRAT",8844
2024,"Mississippi","County 0974","REPUBLICAN",1145
2024,"Mississippi","County 0974","DEMOCRAT",504
2024,"Missouri","County 0975","REPUBLICAN",18921
2024,"Missouri","County 0975","DEMOCRAT",7151
2024,"Montana","County 0976","REPUBLICAN",8192
2024,"Montana","County 0976","DEMOCRAT",6608
2024,"Nebraska","County 0977","REPUBLICAN",11312
2024,"Nebraska","County 0977","DEMOCRAT",12494
2024,"Nevada","County 0978","REPUBLICAN",13273
2024,"Nevada","County 0978","DEMOCRAT",8169
2024,"New Hampshire","County 0979","REPUBLICAN",964
2024,"New Hampshire","County 0979","DEMOCRAT",2630
2024,"New Jersey","County 0980","REPUBLICAN",1857
2024,"New Jersey","County 0980","DEMOCRAT",1609
2024,"New Mexico","County 0981","REPUBLICAN",11423
2024,"New Mexico","County 0981","DEMOCRAT",2802
2024,"New York","County 0982","REPUBLICAN",2738
2024,"New York","County 0982","DEMOCRAT",1641
2024,"North Carolina","County 0983","REPUBLICAN",772
2024,"North Carolina","County 0983","DEMOCRAT",578
2024,"North Dakota","County 0984","REPUBLICAN",578
2024,"North Dakota","County 0984","DEMOCRAT",1086
2024,"Ohio","County 0985","REPUBLICAN",1172
2024,"Ohio","County 0985","DEMOCRAT",1437
2024,"Oklahoma","County 0986","REPUBLICAN",12084
2024,"Oklahoma","County 0986","DEMOCRAT",13947
2024,"Oregon","County 0987","REPUBLICAN",4666
2024,"Oregon","County 0987","DEMOCRAT",2217
2024,"Pennsylvania","County 0988","REPUBLICAN",5721
2024,"Pennsylvania","County 0988","DEMOCRAT",3874
2024,"Rhode Island","County 0989","REPUBLICAN",959
2024,"Rhode Island","County 0989","DEMOCRAT",491
2024,"South Carolina","County 0990","REPUBLICAN",21023
2024,"South Carolina","County 0990","DEMOCRAT",16835
2024,"South Dakota","County 0991","REPUBLICAN",6599
2024,"South Dakota","County 0991","DEMOCRAT",3346
2024,"Tennessee","County 0992","REPUBLICAN",10049
2024,"Tennessee","County 0992","DEMOCRAT",3875
2024,"Texas","County 0993","REPUBLICAN",10361
2024,"Texas","County 0993","DEMOCRAT",5813
2024,"Utah","County 0994","REPUBLICAN",8668
2024,"Utah","County 0994","DEMOCRAT",2542
2024,"Vermont","County 0995","REPUBLICAN",9631
2024,"Vermont","County 0995","DEMOCRAT",9015
2024,"Virginia","County 0996","REPUBLICAN",935
2024,"Virginia","County 0996","DEMOCRAT",38
2024,"Washington","County 0997","REPUBLICAN",15262
2024,"Washington","County 0997","DEMOCRAT",13643
2024,"West Virginia","County 0998","REPUBLICAN",11737
2024,"West Virginia","County 0998","DEMOCRAT",20086
2024,"Wisconsin","County 0999","REPUBLICAN",2483
2024,"Wisconsin","County 0999","DEMOCRAT",874
2024,"Wyoming","County 1000","REPUBLICAN",12165
2024,"Wyoming","County 1000","DEMOCRAT",3385
2024,"Alabama","County 1001","REPUBLICAN",1350
2024,"Alabama","County 1001","DEMOCRAT",1249
2024,"Alaska","County 1002","REPUBLICAN",153001
2024,"Alaska","County 1002","DEMOCRAT",133941
2024,"Arizona","County 1003","REPUBLICAN",1815
2024,"Arizona","County 1003","DEMOCRAT",631
2024,"Arkansas","County 1004","REPUBLICAN",2690
2024,"Arkansas","County 1004","DEMOCRAT",1696
2024,"California","County 1005","REPUBLICAN",28160
2024,"California","County 1005","DEMOCRAT",8646
2024,"Colorado","County 1006","REPUBLICAN",4149
2024,"Colorado","County 1006","DEMOCRAT",1381
2024,"Connecticut","County 1007","REPUBLICAN",1036
2024,"Connecticut","County 1007","DEMOCRAT",863
2024,"Delaware","County 1008","REPUBLICAN",13104
2024,"Delaware","County 1008","DEMOCRAT",12459
2024,"Florida","County 1009","REPUBLICAN",1535
2024,"Florida","County 1009","DEMOCRAT",1308
2024,"Georgia","County 1010","REPUBLICAN",14779
2024,"Georgia","County 1010","DEMOCRAT",7215
2024,"Hawaii","County 1011","REPUBLICAN",579
2024,"Hawaii","County 1011","DEMOCRAT",492
2024,"Idaho","County 1012","REPUBLICAN",16750
2024,"Idaho","County 1012","DEMOCRAT",12713
2024,"Illinois","County 1013","REPUBLICAN",1398
2024,"Illinois","County 1013","DEMOCRAT",499
2024,"Indiana","County 1014","REPUBLICAN",5239
2024,"Indiana","County 1014","DEMOCRAT",431
2024,"Iowa","County 1015","REPUBLICAN",4308
2024,"Iowa","County 1015","DEMOCRAT",1851
2024,"Kansas","County 1016","REPUBLICAN",2487
2024,"Kansas","County 1016","DEMOCRAT",962
2024,"Kentucky","County 1017","REPUBLICAN",21692
2024,"Kentucky","County 1017","DEMOCRAT",4697
2024,"Louisiana","County 1018","REPUBLICAN",3428
2024,"Louisiana","County 1018","DEMOCRAT",1527
2024,"Maine","County 1019","REPUBLICAN",6398
2024,"Maine","County 1019","DEMOCRAT",4848
2024,"Maryland","County 1020","REPUBLICAN",6934
2024,"Maryland","County 1020","DEMOCRAT",1652
2024,"Massachusetts","County 1021","REPUBLICAN",1807
2024,"Massachusetts","County 1021","DEMOCRAT",1517
2024,"Michigan","County 1022","REPUBLICAN",4689
2024,"Michigan","County 1022","DEMOCRAT",727
2024,"Minnesota","County 1023","REPUBLICAN",18385
2024,"Minnesota","County 1023","DEMOCRAT",10173
2024,"Mississippi","County 1024","REPUBLICAN",15418
2024,"Mississippi","County 1024","DEMOCRAT",16875
2024,"Missouri","County 1025","REPUBLICAN",8029
2024,"Missouri","County 1025","DEMOCRAT",3484
2024,"Montana","County 1026","REPUBLICAN",7556
2024,"Montana","County 1026","DEMOCRAT",2175
2024,"Nebraska","County 1027","REPUBLICAN",5247
2024,"Nebraska","County 1027","DEMOCRAT",3916
2024,"Nevada","County 1028","REPUBLICAN",11241
2024,"Nevada","County 1028","DEMOCRAT",2330
2024,"New Hampshire","County 1029","REPUBLICAN",10135
2024,"New Hampshire","County 1029","DEMOCRAT",8125
2024,"New Jersey","County 1030","REPUBLICAN",5398
2024,"New Jersey","County 1030","DEMOCRAT",2949
2024,"New Mexico","County 1031","REPUBLICAN",17777
2024,"New Mexico","County 1031","DEMOCRAT",5476
2024,"New York","County 1032","REPUBLICAN",31153
2024,"New York","County 1032","DEMOCRAT",6284
2024,"North Carolina","County 1033","REPUBLICAN",1956
2024,"North Carolina","County 1033","DEMOCRAT",1029
2024,"North Dakota","County 1034","REPUBLICAN",1941
2024,"North Dakota","County 1034","DEMOCRAT",863
2024,"Ohio","County 1035","REPUBLICAN",22009
2024,"Ohio","County 1035","DEMOCRAT",28723
2024,"Oklahoma","County 1036","REPUBLICAN",10652
2024,"Oklahoma","County 1036","DEMOCRAT",2069
2024,"Oregon","County 1037","REPUBLICAN",48919
2024,"Oregon","County 1037","DEMOCRAT",10962
2024,"Pennsylvania","County 1038","REPUBLICAN",6822
2024,"Pennsylvania","County 1038","DEMOCRAT",2972
2024,"Rhode Island","County 1039","REPUBLICAN",7476
2024,"Rhode Island","County 1039","DEMOCRAT",8572
2024,"South Carolina","County 1040","REPUBLICAN",473
2024,"South Carolina","County 1040","DEMOCRAT",502
2024,"South Dakota","County 1041","REPUBLICAN",109393
2024,"South Dakota","County 1041","DEMOCRAT",31193
2024,"Tennessee","County 1042","REPUBLICAN",2233
2024,"Tennessee","County 1042","DEMOCRAT",4401
2024,"Texas","County 1043","REPUBLICAN",286
2024,"Texas","County 1043","DEMOCRAT",42
2024,"Utah","County 1044","REPUBLICAN",11015
2024,"Utah","County 1044","DEMOCRAT",8935
2024,"Vermont","County 1045","REPUBLICAN",421
2024,"Vermont","County 1045","DEMOCRAT",577
2024,"Virginia","County 1046","REPUBLICAN",5577
2024,"Virginia","County 1046","DEMOCRAT",4689
2024,"Washington","County 1047","REPUBLICAN",15669
2024,"Washington","County 1047","DEMOCRAT",13792
2024,"West Virginia","County 1048","REPUBLICAN",37843
2024,"West Virginia","County 1048","DEMOCRAT",29624
2024,"Wisconsin","County 1049","REPUBLICAN",4714
2024,"Wisconsin","County 1049","DEMOCRAT",2477
2024,"Wyoming","County 1050","REPUBLICAN",1174
2024,"Wyoming","County 1050","DEMOCRAT",1303
2024,"Alabama","County 1051","REPUBLICAN",15237
2024,"Alabama","County 1051","DEMOCRAT",5084
2024,"Alaska","County 1052","REPUBLICAN",21922
2024,"Alaska","County 1052","DEMOCRAT",15475
2024,"Arizona","County 1053","REPUBLICAN",679
2024,"Arizona","County 1053","DEMOCRAT",313
2024,"Arkansas","County 1054","REPUBLICAN",25305
2024,"Arkansas","County 1054","DEMOCRAT",16143
2024,"California","County 1055","REPUBLICAN",2418
2024,"California","County 1055","DEMOCRAT",1122
2024,"Colorado","County 1056","REPUBLICAN",3904
2024,"Colorado","County 1056","DEMOCRAT",1924
2024,"Connecticut","County 1057","REPUBLICAN",19974
2024,"Connecticut","County 1057","DEMOCRAT",3859
2024,"Delaware","County 1058","REPUBLICAN",6848
2024,"Delaware","County 1058","DEMOCRAT",9248
2024,"Florida","County 1059","REPUBLICAN",1233
2024,"Florida","County 1059","DEMOCRAT",1295
2024,"Georgia","County 1060","REPUBLICAN",3246
2024,"Georgia","County 1060","DEMOCRAT",2504
2024,"Hawaii","County 1061","REPUBLICAN",3998
2024,"Hawaii","County 1061","DEMOCRAT",1496
2024,"Idaho","County 1062","REPUBLICAN",8410
2024,"Idaho","County 1062","DEMOCRAT",9977
2024,"Illinois","County 1063","REPUBLICAN",14962
2024,"Illinois","County 1063","DEMOCRAT",9099
2024,"Indiana","County 1064","REPUBLICAN",24439
2024,"Indiana","County 1064","DEMOCRAT",7751
2024,"Iowa","County 1065","REPUBLICAN",6186
2024,"Iowa","County 1065","DEMOCRAT",1646
2024,"Kansas","County 1066","REPUBLICAN",1472
2024,"Kansas","County 1066","DEMOCRAT",1703
2024,"Kentucky","County 1067","REPUBLICAN",8231
2024,"Kentucky","County 1067","DEMOCRAT",985
2024,"Louisiana","County 1068","REPUBLICAN",101589
2024,"Louisiana","County 1068","DEMOCRAT",28697
2024,"Maine","County 1069","REPUBLICAN",19407
2024,"Maine","County 1069","DEMOCRAT",3515
2024,"Maryland","County 1070","REPUBLICAN",9806
2024,"Maryland","County 1070","DEMOCRAT",2370
2024,"Massachusetts","County 1071","REPUBLICAN",5403
2024,"Massachusetts","County 1071","DEMOCRAT",2086
2024,"Michigan","County 1072","REPUBLICAN",21905
2024,"Michigan","County 1072","DEMOCRAT",12043
2024,"Minnesota","County 1073","REPUBLICAN",8124
2024,"Minnesota","County 1073","DEMOCRAT",1861
2024,"Mississippi","County 1074","REPUBLICAN",5329
2024,"Mississippi","County 1074","DEMOCRAT",1956
2024,"Missouri","County 1075","REPUBLICAN",5715
2024,"Missouri","County 1075","DEMOCRAT",3092
2024,"Montana","County 1076","REPUBLICAN",7286
2024,"Montana","County 1076","DEMOCRAT",3166
2024,"Nebraska","County 1077","REPUBLICAN",987
2024,"Nebraska","County 1077","DEMOCRAT",527
2024,"Nevada","County 1078","REPUBLICAN",2348
2024,"Nevada","County 1078","DEMOCRAT",897
2024,"New Hampshire","County 1079","REPUBLICAN",7795
2024,"New Hampshire","County 1079","DEMOCRAT",17298
2024,"New Jersey","County 1080","REPUBLICAN",31836
2024,"New Jersey","County 1080","DEMOCRAT",16170
2024,"New Mexico","County 1081","REPUBLICAN",8284
2024,"New Mexico","County 1081","DEMOCRAT",2217
2024,"New York","County 1082","REPUBLICAN",23365
2024,"New York","County 1082","DEMOCRAT",24955
2024,"North Carolina","County 1083","REPUBLICAN",6759
2024,"North Carolina","County 1083","DEMOCRAT",2828
2024,"North Dakota","County 1084","REPUBLICAN",5010
2024,"North Dakota","County 1084","DEMOCRAT",5131
2024,"Ohio","County 1085","REPUBLICAN",10381
2024,"Ohio","County 1085","DEMOCRAT",3392
2024,"Oklahoma","County 1086","REPUBLICAN",340343
2024,"Oklahoma","County 1086","DEMOCRAT",125157
2024,"Oregon","County 1087","REPUBLICAN",2266
2024,"Oregon","County 1087","DEMOCRAT",897
2024,"Pennsylvania","County 1088","REPUBLICAN",6197
2024,"Pennsylvania","County 1088","DEMOCRAT",4615
2024,"Rhode Island","County 1089","REPUBLICAN",12672
2024,"Rhode Island","County 1089","DEMOCRAT",18159
2024,"South Carolina","County 1090","REPUBLICAN",1478
2024,"South Carolina","County 1090","DEMOCRAT",729
2024,"South Dakota","County 1091","REPUBLICAN",11211
2024,"South Dakota","County 1091","DEMOCRAT",6228
2024,"Tennessee","County 1092","REPUBLICAN",2514
2024,"Tennessee","County 1092","DEMOCRAT",507
2024,"Texas","County 1093","REPUBLICAN",90742
2024,"Texas","County 1093","DEMOCRAT",50109
2024,"Utah","County 1094","REPUBLICAN",14137
2024,"Utah","County 1094","DEMOCRAT",14796
2024,"Vermont","County 1095","REPUBLICAN",39344
2024,"Vermont","County 1095","DEMOCRAT",12245
2024,"Virginia","County 1096","REPUBLICAN",2718
2024,"Virginia","County 1096","DEMOCRAT",968
2024,"Washington","County 1097","REPUBLICAN",6271
2024,"Washington","County 1097","DEMOCRAT",3500
2024,"West Virginia","County 1098","REPUBLICAN",2020
2024,"West Virginia","County 1098","DEMOCRAT",1185
2024,"Wisconsin","County 1099","REPUBLICAN",36520
2024,"Wisconsin","County 1099","DEMOCRAT",19411
2024,"Wyoming","County 1100","REPUBLICAN",147917
2024,"Wyoming","County 1100","DEMOCRAT",57741
2024,"Alabama","County 1101","REPUBLICAN",20455
2024,"Alabama","County 1101","DEMOCRAT",5747
2024,"Alaska","County 1102","REPUBLICAN",748
2024,"Alaska","County 1102","DEMOCRAT",115
2024,"Arizona","County 1103","REPUBLICAN",1640
2024,"Arizona","County 1103","DEMOCRAT",756
2024,"Arkansas","County 1104","REPUBLICAN",14591
2024,"Arkansas","County 1104","DEMOCRAT",12987
2024,"California","County 1105","REPUBLICAN",24049
2024,"California","County 1105","DEMOCRAT",44671
2024,"Colorado","County 1106","REPUBLICAN",1063
2024,"Colorado","County 1106","DEMOCRAT",1168
2024,"Connecticut","County 1107","REPUBLICAN",5908
2024,"Connecticut","County 1107","DEMOCRAT",2634
2024,"Delaware","County 1108","REPUBLICAN",15622
2024,"Delaware","County 1108","DEMOCRAT",8202
2024,"Florida","County 1109","REPUBLICAN",1583
2024,"Florida","County 1109","DEMOCRAT",1185
2024,"Georgia","County 1110","REPUBLICAN",761
2024,"Georgia","County 1110","DEMOCRAT",362
2024,"Hawaii","County 1111","REPUBLICAN",1667
2024,"Hawaii","County 1111","DEMOCRAT",549
2024,"Idaho","County 1112","REPUBLICAN",2098
2024,"Idaho","County 1112","DEMOCRAT",621
2024,"Illinois","County 1113","REPUBLICAN",70075
2024,"Illinois","County 1113","DEMOCRAT",36878
2024,"Indiana","County 1114","REPUBLICAN",5488
2024,"Indiana","County 1114","DEMOCRAT",1713
2024,"Iowa","County 1115","REPUBLICAN",16928
2024,"Iowa","County 1115","DEMOCRAT",10728
2024,"Kansas","County 1116","REPUBLICAN",6877
2024,"Kansas","County 1116","DEMOCRAT",6806
2024,"Kentucky","County 1117","REPUBLICAN",6953
2024,"Kentucky","County 1117","DEMOCRAT",3741
2024,"Louisiana","County 1118","REPUBLICAN",10753
2024,"Louisiana","County 1118","DEMOCRAT",11655
2024,"Maine","County 1119","REPUBLICAN",4183
2024,"Maine","County 1119","DEMOCRAT",7613
2024,"Maryland","County 1120","REPUBLICAN",10574
2024,"Maryland","County 1120","DEMOCRAT",3190
2024,"Massachusetts","County 1121","REPUBLICAN",10328
2024,"Massachusetts","County 1121","DEMOCRAT",7982
2024,"Michigan","County 1122","REPUBLICAN",3126
2024,"Michigan","County 1122","DEMOCRAT",2327
2024,"Minnesota","County 1123","REPUBLICAN",1800
2024,"Minnesota","County 1123","DEMOCRAT",747
2024,"Mississippi","County 1124","REPUBLICAN",10100
2024,"Mississippi","County 1124","DEMOCRAT",1095
2024,"Missouri","County 1125","REPUBLICAN",16889
2024,"Missouri","County 1125","DEMOCRAT",2578
2024,"Montana","County 1126","REPUBLICAN",13206
2024,"Montana","County 1126","DEMOCRAT",31013
2024,"Nebraska","County 1127","REPUBLICAN",7457
2024,"Nebraska","County 1127","DEMOCRAT",6109
2024,"Nevada","County 1128","REPUBLICAN",65419
2024,"Nevada","County 1128","DEMOCRAT",30410
2024,"New Hampshire","County 1129","REPUBLICAN",481
2024,"New Hampshire","County 1129","DEMOCRAT",184
2024,"New Jersey","County 1130","REPUBLICAN",7844
2024,"New Jersey","County 1130","DEMOCRAT",3974
2024,"New Mexico","County 1131","REPUBLICAN",4422
2024,"New Mexico","County 1131","DEMOCRAT",489
2024,"New York","County 1132","REPUBLICAN",1446
2024,"New York","County 1132","DEMOCRAT",620
2024,"North Carolina","County 1133","REPUBLICAN",2988
2024,"North Carolina","County 1133","DEMOCRAT",2058
2024,"North Dakota","County 1134","REPUBLICAN",20452
2024,"North Dakota","County 1134","DEMOCRAT",23968
2024,"Ohio","County 1135","REPUBLICAN",12447
2024,"Ohio","County 1135","DEMOCRAT",6172
2024,"Oklahoma","County 1136","REPUBLICAN",3238
2024,"Oklahoma","County 1136","DEMOCRAT",1029
2024,"Oregon","County 1137","REPUBLICAN",20404
2024,"Oregon","County 1137","DEMOCRAT",10396
2024,"Pennsylvania","County 1138","REPUBLICAN",2303
2024,"Pennsylvania","County 1138","DEMOCRAT",1723
2024,"Rhode Island","County 1139","REPUBLICAN",15651
2024,"Rhode Island","County 1139","DEMOCRAT",2242
2024,"South Carolina","County 1140","REPUBLICAN",4675
2024,"South Carolina","County 1140","DEMOCRAT",4093
2024,"South Dakota","County 1141","REPUBLICAN",16691
2024,"South Dakota","County 1141","DEMOCRAT",6921
2024,"Tennessee","County 1142","REPUBLICAN",69943
2024,"Tennessee","County 1142","DEMOCRAT",74427
2024,"Texas","County 1143","REPUBLICAN",3283
2024,"Texas","County 1143","DEMOCRAT",638
2024,"Utah","County 1144","REPUBLICAN",4214
2024,"Utah","County 1144","DEMOCRAT",3223
2024,"Vermont","County 1145","REPUBLICAN",9021
2024,"Vermont","County 1145","DEMOCRAT",5157
2024,"Virginia","County 1146","REPUBLICAN",4248
2024,"Virginia","County 1146","DEMOCRAT",1308
2024,"Washington","County 1147","REPUBLICAN",18223
2024,"Washington","County 1147","DEMOCRAT",14742
2024,"West Virginia","County 1148","REPUBLICAN",21196
2024,"West Virginia","County 1148","DEMOCRAT",12200
2024,"Wisconsin","County 1149","REPUBLICAN",3992
2024,"Wisconsin","County 1149","DEMOCRAT",1077
2024,"Wyoming","County 1150","REPUBLICAN",5759
2024,"Wyoming","County 1150","DEMOCRAT",9570
2024,"Alabama","County 1151","REPUBLICAN",3638
2024,"Alabama","County 1151","DEMOCRAT",4942
2024,"Alaska","County 1152","REPUBLICAN",4573
2024,"Alaska","County 1152","DEMOCRAT",4867
2024,"Arizona","County 1153","REPUBLICAN",25372
2024,"Arizona","County 1153","DEMOCRAT",15897
2024,"Arkansas","County 1154","REPUBLICAN",2464
2024,"Arkansas","County 1154","DEMOCRAT",650
2024,"California","County 1155","REPUBLICAN",18327
2024,"California","County 1155","DEMOCRAT",16641
2024,"Colorado","County 1156","REPUBLICAN",4016
2024,"Colorado","County 1156","DEMOCRAT",1764
2024,"Connecticut","County 1157","REPUBLICAN",8748
2024,"Connecticut","County 1157","DEMOCRAT",6551
2024,"Delaware","County 1158","REPUBLICAN",6708
2024,"Delaware","County 1158","DEMOCRAT",2906
2024,"Florida","County 1159","REPUBLICAN",10785
2024,"Florida","County 1159","DEMOCRAT",21371
2024,"Georgia","County 1160","REPUBLICAN",2919
2024,"Georgia","County 1160","DEMOCRAT",5231
2024,"Hawaii","County 1161","REPUBLICAN",40507
2024,"Hawaii","County 1161","DEMOCRAT",34881
2024,"Idaho","County 1162","REPUBLICAN",1899
2024,"Idaho","County 1162","DEMOCRAT",847
2024,"Illinois","County 1163","REPUBLICAN",4738
2024,"Illinois","County 1163","DEMOCRAT",2566
2024,"Indiana","County 1164","REPUBLICAN",8602
2024,"Indiana","County 1164","DEMOCRAT",20057
2024,"Iowa","County 1165","REPUBLICAN",6402
2024,"Iowa","County 1165","DEMOCRAT",3636
2024,"Kansas","County 1166","REPUBLICAN",10664
2024,"Kansas","County 1166","DEMOCRAT",5077
2024,"Kentucky","County 1167","REPUBLICAN",63435
2024,"Kentucky","County 1167","DEMOCRAT",7644
2024,"Louisiana","County 1168","REPUBLICAN",1503
2024,"Louisiana","County 1168","DEMOCRAT",1021
2024,"Maine","County 1169","REPUBLICAN",5621
2024,"Maine","County 1169","DEMOCRAT",4574
2024,"Maryland","County 1170","REPUBLICAN",12626
2024,"Maryland","County 1170","DEMOCRAT",6818
2024,"Massachusetts","County 1171","REPUBLICAN",5401
2024,"Massachusetts","County 1171","DEMOCRAT",10094
2024,"Michigan","County 1172","REPUBLICAN",5183
2024,"Michigan","County 1172","DEMOCRAT",4079
2024,"Minnesota","County 1173","REPUBLICAN",11912
2024,"Minnesota","County 1173","DEMOCRAT",2601
2024,"Mississippi","County 1174","REPUBLICAN",12136
2024,"Mississippi","County 1174","DEMOCRAT",3719
2024,"Missouri","County 1175","REPUBLICAN",4237
2024,"Missouri","County 1175","DEMOCRAT",2379
2024,"Montana","County 1176","REPUBLICAN",4492
2024,"Montana","County 1176","DEMOCRAT",2079
2024,"Nebraska","County 1177","REPUBLICAN",827
2024,"Nebraska","County 1177","DEMOCRAT",296
2024,"Nevada","County 1178","REPUBLICAN",335
2024,"Nevada","County 1178","DEMOCRAT",280
2024,"New Hampshire","County 1179","REPUBLICAN",9921
2024,"New Hampshire","County 1179","DEMOCRAT",7592
2024,"New Jersey","County 1180","REPUBLICAN",6923
2024,"New Jersey","County 1180","DEMOCRAT",3424
2024,"New Mexico","County 1181","REPUBLICAN",13652
2024,"New Mexico","County 1181","DEMOCRAT",4422
2024,"New York","County 1182","REPUBLICAN",15379
2024,"New York","County 1182","DEMOCRAT",3321
2024,"North Carolina","County 1183","REPUBLICAN",5433
2024,"North Carolina","County 1183","DEMOCRAT",6360
2024,"North Dakota","County 1184","REPUBLICAN",59090
2024,"North Dakota","County 1184","DEMOCRAT",54340
2024,"Ohio","County 1185","REPUBLICAN",8078
2024,"Ohio","County 1185","DEMOCRAT",8904
2024,"Oklahoma","County 1186","REPUBLICAN",2484
2024,"Oklahoma","County 1186","DEMOCRAT",1247
2024,"Oregon","County 1187","REPUBLICAN",1261
2024,"Oregon","County 1187","DEMOCRAT",1404
2024,"Pennsylvania","County 1188","REPUBLICAN",5120
2024,"Pennsylvania","County 1188","DEMOCRAT",2776
2024,"Rhode Island","County 1189","REPUBLICAN",15235
2024,"Rhode Island","County 1189","DEMOCRAT",12580
2024,"South Carolina","County 1190","REPUBLICAN",2940
2024,"South Carolina","County 1190","DEMOCRAT",2486
2024,"South Dakota","County 1191","REPUBLICAN",2281
2024,"South Dakota","County 1191","DEMOCRAT",139
2024,"Tennessee","County 1192","REPUBLICAN",3094
2024,"Tennessee","County 1192","DEMOCRAT",2500
2024,"Texas","County 1193","REPUBLICAN",14700
2024,"Texas","County 1193","DEMOCRAT",3861
2024,"Utah","County 1194","REPUBLICAN",575
2024,"Utah","County 1194","DEMOCRAT",615
2024,"Vermont","County 1195","REPUBLICAN",735
2024,"Vermont","County 1195","DEMOCRAT",793
2024,"Virginia","County 1196","REPUBLICAN",7027
2024,"Virginia","County 1196","DEMOCRAT",2958
2024,"Washington","County 1197","REPUBLICAN",88
2024,"Washington","County 1197","DEMOCRAT",158
2024,"West Virginia","County 1198","REPUBLICAN",2183
2024,"West Virginia","County 1198","DEMOCRAT",1700
2024,"Wisconsin","County 1199","REPUBLICAN",12395
2024,"Wisconsin","County 1199","DEMOCRAT",8564
2024,"Wyoming","County 1200","REPUBLICAN",12072
2024,"Wyoming","County 1200","DEMOCRAT",2325
2024,"Alabama","County 1201","REPUBLICAN",13002
2024,"Alabama","County 1201","DEMOCRAT",3486
2024,"Alaska","County 1202","REPUBLICAN",67673
2024,"Alaska","County 1202","DEMOCRAT",19233
2024,"Arizona","County 1203","REPUBLICAN",5467
2024,"Arizona","County 1203","DEMOCRAT",9620
2024,"Arkansas","County 1204","REPUBLICAN",3700
2024,"Arkansas","County 1204","DEMOCRAT",2049
2024,"California","County 1205","REPUBLICAN",6268
2024,"California","County 1205","DEMOCRAT",3834
2024,"Colorado","County 1206","REPUBLICAN",9435
2024,"Colorado","County 1206","DEMOCRAT",2591
2024,"Connecticut","County 1207","REPUBLICAN",3002
2024,"Connecticut","County 1207","DEMOCRAT",1992
2024,"Delaware","County 1208","REPUBLICAN",4001
2024,"Delaware","County 1208","DEMOCRAT",1443
2024,"Florida","County 1209","REPUBLICAN",6377
2024,"Florida","County 1209","DEMOCRAT",1151
2024,"Georgia","County 1210","REPUBLICAN",4528
2024,"Georgia","County 1210","DEMOCRAT",6018
2024,"Hawaii","County 1211","REPUBLICAN",1477
2024,"Hawaii","County 1211","DEMOCRAT",930
2024,"Idaho","County 1212","REPUBLICAN",1092
2024,"Idaho","County 1212","DEMOCRAT",446
2024,"Illinois","County 1213","REPUBLICAN",5902
2024,"Illinois","County 1213","DEMOCRAT",3232
2024,"Indiana","County 1214","REPUBLICAN",12836
2024,"Indiana","County 1214","DEMOCRAT",4983
2024,"Iowa","County 1215","REPUBLICAN",2489
2024,"Iowa","County 1215","DEMOCRAT",1338
2024,"Kansas","County 1216","REPUBLICAN",3250
2024,"Kansas","County 1216","DEMOCRAT",1729
2024,"Kentucky","County 1217","REPUBLICAN",1176
2024,"Kentucky","County 1217","DEMOCRAT",1644
2024,"Louisiana","County 1218","REPUBLICAN",3611
2024,"Louisiana","County 1218","DEMOCRAT",837
2024,"Maine","County 1219","REPUBLICAN",6889
2024,"Maine","County 1219","DEMOCRAT",2643
2024,"Maryland","County 1220","REPUBLICAN",2809
2024,"Maryland","County 1220","DEMOCRAT",2394
2024,"Massachusetts","County 1221","REPUBLICAN",1109
2024,"Massachusetts","County 1221","DEMOCRAT",543
2024,"Michigan","County 1222","REPUBLICAN",1719
2024,"Michigan","County 1222","DEMOCRAT",2275
2024,"Minnesota","County 1223","REPUBLICAN",12142
2024,"Minnesota","County 1223","DEMOCRAT",1487
2024,"Mississippi","County 1224","REPUBLICAN",486
2024,"Mississippi","County 1224","DEMOCRAT",313
2024,"Missouri","County 1225","REPUBLICAN",4660
2024,"Missouri","County 1225","DEMOCRAT",4479
2024,"Montana","County 1226","REPUBLICAN",1713
2024,"Montana","County 1226","DEMOCRAT",88
2024,"Nebraska","County 1227","REPUBLICAN",791
2024,"Nebraska","County 1227","DEMOCRAT",474
2024,"Nevada","County 1228","REPUBLICAN",18810
2024,"Nevada","County 1228","DEMOCRAT",10130
2024,"New Hampshire","County 1229","REPUBLICAN",4630
2024,"New Hampshire","County 1229","DEMOCRAT",3392
2024,"New Jersey","County 1230","REPUBLICAN",14007
2024,"New Jersey","County 1230","DEMOCRAT",11492
2024,"New Mexico","County 1231","REPUBLICAN",2538
2024,"New Mexico","County 1231","DEMOCRAT",226
2024,"New York","County 1232","REPUBLICAN",10044
2024,"New York","County 1232","DEMOCRAT",8944
2024,"North Carolina","County 1233","REPUBLICAN",1944
2024,"North Carolina","County 1233","DEMOCRAT",1181
2024,"North Dakota","County 1234","REPUBLICAN",8064
2024,"North Dakota","County 1234","DEMOCRAT",2482
2024,"Ohio","County 1235","REPUBLICAN",7852
2024,"Ohio","County 1235","DEMOCRAT",2849
2024,"Oklahoma","County 1236","REPUBLICAN",2885
2024,"Oklahoma","County 1236","DEMOCRAT",1470
2024,"Oregon","County 1237","REPUBLICAN",2777
2024,"Oregon","County 1237","DEMOCRAT",2226
2024,"Pennsylvania","County 1238","REPUBLICAN",363
2024,"Pennsylvania","County 1238","DEMOCRAT",458
2024,"Rhode Island","County 1239","REPUBLICAN",209700
2024,"Rhode Island","County 1239","DEMOCRAT",38354
2024,"South Carolina","County 1240","REPUBLICAN",34842
2024,"South Carolina","County 1240","DEMOCRAT",17281
2024,"South Dakota","County 1241","REPUBLICAN",11887
2024,"South Dakota","County 1241","DEMOCRAT",5735
2024,"Tennessee","County 1242","REPUBLICAN",374547
2024,"Tennessee","County 1242","DEMOCRAT",63795
2024,"Texas","County 1243","REPUBLICAN",3313
2024,"Texas","County 1243","DEMOCRAT",1695
2024,"Utah","County 1244","REPUBLICAN",634
2024,"Utah","County 1244","DEMOCRAT",135
2024,"Vermont","County 1245","REPUBLICAN",4150
2024,"Vermont","County 1245","DEMOCRAT",1377
2024,"Virginia","County 1246","REPUBLICAN",5033
2024,"Virginia","County 1246","DEMOCRAT",4319
2024,"Washington","County 1247","REPUBLICAN",3310
2024,"Washington","County 1247","DEMOCRAT",6180
2024,"West Virginia","County 1248","REPUBLICAN",7891
2024,"West Virginia","County 1248","DEMOCRAT",1363
2024,"Wisconsin","County 1249","REPUBLICAN",535
2024,"Wisconsin","County 1249","DEMOCRAT",329
2024,"Wyoming","County 1250","REPUBLICAN",1702
2024,"Wyoming","County 1250","DEMOCRAT",1511
2024,"Alabama","County 1251","REPUBLICAN",1582
2024,"Alabama","County 1251","DEMOCRAT",851
2024,"Alaska","County 1252","REPUBLICAN",7467
2024,"Alaska","County 1252","DEMOCRAT",6474
2024,"Arizona","County 1253","REPUBLICAN",11357
2024,"Arizona","County 1253","DEMOCRAT",1643
2024,"Arkansas","County 1254","REPUBLICAN",4850
2024,"Arkansas","County 1254","DEMOCRAT",2853
2024,"California","County 1255","REPUBLICAN",9346
2024,"California","County 1255","DEMOCRAT",2605
2024,"Colorado","County 1256","REPUBLICAN",11257
2024,"Colorado","County 1256","DEMOCRAT",6632
2024,"Connecticut","County 1257","REPUBLICAN",1535
2024,"Connecticut","County 1257","DEMOCRAT",292
2024,"Delaware","County 1258","REPUBLICAN",3563
2024,"Delaware","County 1258","DEMOCRAT",1482
2024,"Florida","County 1259","REPUBLICAN",1151
2024,"Florida","County 1259","DEMOCRAT",381
2024,"Georgia","County 1260","REPUBLICAN",561
2024,"Georgia","County 1260","DEMOCRAT",932
2024,"Hawaii","County 1261","REPUBLICAN",16715
2024,"Hawaii","County 1261","DEMOCRAT",14062
2024,"Idaho","County 1262","REPUBLICAN",1808
2024,"Idaho","County 1262","DEMOCRAT",1128
2024,"Illinois","County 1263","REPUBLICAN",4948
2024,"Illinois","County 1263","DEMOCRAT",4408
2024,"Indiana","County 1264","REPUBLICAN",39652
2024,"Indiana","County 1264","DEMOCRAT",8458
2024,"Iowa","County 1265","REPUBLICAN",2874
2024,"Iowa","County 1265","DEMOCRAT",773
2024,"Kansas","County 1266","REPUBLICAN",2900
2024,"Kansas","County 1266","DEMOCRAT",223
2024,"Kentucky","County 1267","REPUBLICAN",19731
2024,"Kentucky","County 1267","DEMOCRAT",10146
2024,"Louisiana","County 1268","REPUBLICAN",3581
2024,"Louisiana","County 1268","DEMOCRAT",2543
2024,"Maine","County 1269","REPUBLICAN",4655
2024,"Maine","County 1269","DEMOCRAT",7008
2024,"Maryland","County 1270","REPUBLICAN",4102
2024,"Maryland","County 1270","DEMOCRAT",1145
2024,"Massachusetts","County 1271","REPUBLICAN",6098
2024,"Massachusetts","County 1271","DEMOCRAT",2652
2024,"Michigan","County 1272","REPUBLICAN",1623
2024,"Michigan","County 1272","DEMOCRAT",1178
2024,"Minnesota","County 1273","REPUBLICAN",9182
2024,"Minnesota","County 1273","DEMOCRAT",4820
2024,"Mississippi","County 1274","REPUBLICAN",3385
2024,"Mississippi","County 1274","DEMOCRAT",1337
2024,"Missouri","County 1275","REPUBLICAN",2041
2024,"Missouri","County 1275","DEMOCRAT",2917
2024,"Montana","County 1276","REPUBLICAN",1258
2024,"Montana","County 1276","DEMOCRAT",1535
2024,"Nebraska","County 1277","REPUBLICAN",24586
2024,"Nebraska","County 1277","DEMOCRAT",10905
2024,"Nevada","County 1278","REPUBLICAN",221
2024,"Nevada","County 1278","DEMOCRAT",248
2024,"New Hampshire","County 1279","REPUBLICAN",3982
2024,"New Hampshire","County 1279","DEMOCRAT",4625
2024,"New Jersey","County 1280","REPUBLICAN",2913
2024,"New Jersey","County 1280","DEMOCRAT",3949
2024,"New Mexico","County 1281","REPUBLICAN",20712
2024,"New Mexico","County 1281","DEMOCRAT",10007
2024,"New York","County 1282","REPUBLICAN",5364
2024,"New York","County 1282","DEMOCRAT",769
2024,"North Carolina","County 1283","REPUBLICAN",1194
2024,"North Carolina","County 1283","DEMOCRAT",476
2024,"North Dakota","County 1284","REPUBLICAN",730
2024,"North Dakota","County 1284","DEMOCRAT",1734
2024,"Ohio","County 1285","REPUBLICAN",25296
2024,"Ohio","County 1285","DEMOCRAT",10196
2024,"Oklahoma","County 1286","REPUBLICAN",11107
2024,"Oklahoma","County 1286","DEMOCRAT",4100
2024,"Oregon","County 1287","REPUBLICAN",28845
2024,"Oregon","County 1287","DEMOCRAT",10831
2024,"Pennsylvania","County 1288","REPUBLICAN",2786
2024,"Pennsylvania","County 1288","DEMOCRAT",1412
2024,"Rhode Island","County 1289","REPUBLICAN",650
2024,"Rhode Island","County 1289","DEMOCRAT",1040
2024,"South Carolina","County 1290","REPUBLICAN",846
2024,"South Carolina","County 1290","DEMOCRAT",840
2024,"South Dakota","County 1291","REPUBLICAN",2517
2024,"South Dakota","County 1291","DEMOCRAT",1221
2024,"Tennessee","County 1292","REPUBLICAN",15189
2024,"Tennessee","County 1292","DEMOCRAT",9712
2024,"Texas","County 1293","REPUBLICAN",2084
2024,"Texas","County 1293","DEMOCRAT",869
2024,"Utah","County 1294","REPUBLICAN",2421
2024,"Utah","County 1294","DEMOCRAT",963
2024,"Vermont","County 1295","REPUBLICAN",12019
2024,"Vermont","County 1295","DEMOCRAT",5929
2024,"Virginia","County 1296","REPUBLICAN",1799
2024,"Virginia","County 1296","DEMOCRAT",994
2024,"Washington","County 1297","REPUBLICAN",6312
2024,"Washington","County 1297","DEMOCRAT",7725
2024,"West Virginia","County 1298","REPUBLICAN",11632
2024,"West Virginia","County 1298","DEMOCRAT",2649
2024,"Wisconsin","County 1299","REPUBLICAN",2814
2024,"Wisconsin","County 1299","DEMOCRAT",2128
2024,"Wyoming","County 1300","REPUBLICAN",4355
2024,"Wyoming","County 1300","DEMOCRAT",6826
2024,"Alabama","County 1301","REPUBLICAN",4976
2024,"Alabama","County 1301","DEMOCRAT",826
2024,"Alaska","County 1302","REPUBLICAN",12493
2024,"Alaska","County 1302","DEMOCRAT",14888
2024,"Arizona","County 1303","REPUBLICAN",4279
2024,"Arizona","County 1303","DEMOCRAT",3352
2024,"Arkansas","County 1304","REPUBLICAN",1903
2024,"Arkansas","County 1304","DEMOCRAT",755
2024,"California","County 1305","REPUBLICAN",4643
2024,"California","County 1305","DEMOCRAT",4799
2024,"Colorado","County 1306","REPUBLICAN",9248
2024,"Colorado","County 1306","DEMOCRAT",5667
2024,"Connecticut","County 1307","REPUBLICAN",6415
2024,"Connecticut","County 1307","DEMOCRAT",4146
2024,"Delaware","County 1308","REPUBLICAN",2358
2024,"Delaware","County 1308","DEMOCRAT",610
2024,"Florida","County 1309","REPUBLICAN",1143
2024,"Florida","County 1309","DEMOCRAT",640
2024,"Georgia","County 1310","REPUBLICAN",28898
2024,"Georgia","County 1310","DEMOCRAT",22188
2024,"Hawaii","County 1311","REPUBLICAN",5810
2024,"Hawaii","County 1311","DEMOCRAT",1683
2024,"Idaho","County 1312","REPUBLICAN",3050
2024,"Idaho","County 1312","DEMOCRAT",526
2024,"Illinois","County 1313","REPUBLICAN",2326
2024,"Illinois","County 1313","DEMOCRAT",273
2024,"Indiana","County 1314","REPUBLICAN",3360
2024,"Indiana","County 1314","DEMOCRAT",2132
2024,"Iowa","County 1315","REPUBLICAN",7782
2024,"Iowa","County 1315","DEMOCRAT",1856
2024,"Kansas","County 1316","REPUBLICAN",12343
2024,"Kansas","County 1316","DEMOCRAT",12373
2024,"Kentucky","County 1317","REPUBLICAN",1452
2024,"Kentucky","County 1317","DEMOCRAT",541
2024,"Louisiana","County 1318","REPUBLICAN",235544
2024,"Louisiana","County 1318","DEMOCRAT",89116
2024,"Maine","County 1319","REPUBLICAN",1753
2024,"Maine","County 1319","DEMOCRAT",780
2024,"Maryland","County 1320","REPUBLICAN",1066
2024,"Maryland","County 1320","DEMOCRAT",507
2024,"Massachusetts","County 1321","REPUBLICAN",1159
2024,"Massachusetts","County 1321","DEMOCRAT",545
2024,"Michigan","County 1322","REPUBLICAN",1135
2024,"Michigan","County 1322","DEMOCRAT",1578
2024,"Minnesota","County 1323","REPUBLICAN",6906
2024,"Minnesota","County 1323","DEMOCRAT",2380
2024,"Mississippi","County 1324","REPUBLICAN",1033
2024,"Mississippi","County 1324","DEMOCRAT",685
2024,"Missouri","County 1325","REPUBLICAN",4038
2024,"Missouri","County 1325","DEMOCRAT",4836
2024,"Montana","County 1326","REPUBLICAN",1692
2024,"Montana","County 1326","DEMOCRAT",2012
2024,"Nebraska","County 1327","REPUBLICAN",44241
2024,"Nebraska","County 1327","DEMOCRAT",34880
2024,"Nevada","County 1328","REPUBLICAN",9002
2024,"Nevada","County 1328","DEMOCRAT",5092
2024,"New Hampshire","County 1329","REPUBLICAN",1608
2024,"New Hampshire","County 1329","DEMOCRAT",398
2024,"New Jersey","County 1330","REPUBLICAN",12658
2024,"New Jersey","County 1330","DEMOCRAT",5459
2024,"New Mexico","County 1331","REPUBLICAN",5660
2024,"New Mexico","County 1331","DEMOCRAT",3616
2024,"New York","County 1332","REPUBLICAN",212
2024,"New York","County 1332","DEMOCRAT",375
2024,"North Carolina","County 1333","REPUBLICAN",1126
2024,"North Carolina","County 1333","DEMOCRAT",139
2024,"North Dakota","County 1334","REPUBLICAN",7978
2024,"North Dakota","County 1334","DEMOCRAT",6196
2024,"Ohio","County 1335","REPUBLICAN",2144
2024,"Ohio","County 1335","DEMOCRAT",1090
2024,"Oklahoma","County 1336","REPUBLICAN",25488
2024,"Oklahoma","County 1336","DEMOCRAT",5934
2024,"Oregon","County 1337","REPUBLICAN",57942
2024,"Oregon","County 1337","DEMOCRAT",10581
2024,"Pennsylvania","County 1338","REPUBLICAN",2862
2024,"Pennsylvania","County 1338","DEMOCRAT",826
2024,"Rhode Island","County 1339","REPUBLICAN",5512
2024,"Rhode Island","County 1339","DEMOCRAT",2489
2024,"South Carolina","County 1340","REPUBLICAN",14875
2024,"South Carolina","County 1340","DEMOCRAT",7717
2024,"South Dakota","County 1341","REPUBLICAN",6441
2024,"South Dakota","County 1341","DEMOCRAT",2795
2024,"Tennessee","County 1342","REPUBLICAN",5438
2024,"Tennessee","County 1342","DEMOCRAT",1298
2024,"Texas","County 1343","REPUBLICAN",1578
2024,"Texas","County 1343","DEMOCRAT",515
2024,"Utah","County 1344","REPUBLICAN",571
2024,"Utah","County 1344","DEMOCRAT",245
2024,"Vermont","County 1345","REPUBLICAN",4076
2024,"Vermont","County 1345","DEMOCRAT",2371
2024,"Virginia","County 1346","REPUBLICAN",28433
2024,"Virginia","County 1346","DEMOCRAT",8013
2024,"Washington","County 1347","REPUBLICAN",20712
2024,"Washington","County 1347","DEMOCRAT",3564
2024,"West Virginia","County 1348","REPUBLICAN",1645
2024,"West Virginia","County 1348","DEMOCRAT",550
2024,"Wisconsin","County 1349","REPUBLICAN",2036
2024,"Wisconsin","County 1349","DEMOCRAT",763
2024,"Wyoming","County 1350","REPUBLICAN",4085
2024,"Wyoming","County 1350","DEMOCRAT",5491
2024,"Alabama","County 1351","REPUBLICAN",18363
2024,"Alabama","County 1351","DEMOCRAT",5144
2024,"Alaska","County 1352","REPUBLICAN",1999
2024,"Alaska","County 1352","DEMOCRAT",836
2024,"Arizona","County 1353","REPUBLICAN",872
2024,"Arizona","County 1353","DEMOCRAT",576
2024,"Arkansas","County 1354","REPUBLICAN",2031
2024,"Arkansas","County 1354","DEMOCRAT",977
2024,"California","County 1355","REPUBLICAN",21124
2024,"California","County 1355","DEMOCRAT",13844
2024,"Colorado","County 1356","REPUBLICAN",2171
2024,"Colorado","County 1356","DEMOCRAT",2617
2024,"Connecticut","County 1357","REPUBLICAN",2995
2024,"Connecticut","County 1357","DEMOCRAT",3221
2024,"Delaware","County 1358","REPUBLICAN",612
2024,"Delaware","County 1358","DEMOCRAT",296
2024,"Florida","County 1359","REPUBLICAN",132510
2024,"Florida","County 1359","DEMOCRAT",86216
2024,"Georgia","County 1360","REPUBLICAN",45739
2024,"Georgia","County 1360","DEMOCRAT",26328
2024,"Hawaii","County 1361","REPUBLICAN",32016
2024,"Hawaii","County 1361","DEMOCRAT",21666
2024,"Idaho","County 1362","REPUBLICAN",1798
2024,"Idaho","County 1362","DEMOCRAT",835
2024,"Illinois","County 1363","REPUBLICAN",5704
2024,"Illinois","County 1363","DEMOCRAT",1585
2024,"Indiana","County 1364","REPUBLICAN",2702
2024,"Indiana","County 1364","DEMOCRAT",2107
2024,"Iowa","County 1365","REPUBLICAN",18548
2024,"Iowa","County 1365","DEMOCRAT",12225
2024,"Kansas","County 1366","REPUBLICAN",28619
2024,"Kansas","County 1366","DEMOCRAT",31440
2024,"Kentucky","County 1367","REPUBLICAN",3203
2024,"Kentucky","County 1367","DEMOCRAT",2730
2024,"Louisiana","County 1368","REPUBLICAN",6785
2024,"Louisiana","County 1368","DEMOCRAT",2618
2024,"Maine","County 1369","REPUBLICAN",2436
2024,"Maine","County 1369","DEMOCRAT",627
2024,"Maryland","County 1370","REPUBLICAN",15359
2024,"Maryland","County 1370","DEMOCRAT",10179
2024,"Massachusetts","County 1371","REPUBLICAN",12346
2024,"Massachusetts","County 1371","DEMOCRAT",14601
2024,"Michigan","County 1372","REPUBLICAN",3331
2024,"Michigan","County 1372","DEMOCRAT",3959
2024,"Minnesota","County 1373","REPUBLICAN",3343
2024,"Minnesota","County 1373","DEMOCRAT",1783
2024,"Mississippi","County 1374","REPUBLICAN",7520
2024,"Mississippi","County 1374","DEMOCRAT",9517
2024,"Missouri","County 1375","REPUBLICAN",4407
2024,"Missouri","County 1375","DEMOCRAT",4714
2024,"Montana","County 1376","REPUBLICAN",356
2024,"Montana","County 1376","DEMOCRAT",556
2024,"Nebraska","County 1377","REPUBLICAN",2997
2024,"Nebraska","County 1377","DEMOCRAT",778
2024,"Nevada","County 1378","REPUBLICAN",1277
2024,"Nevada","County 1378","DEMOCRAT",621
2024,"New Hampshire","County 1379","REPUBLICAN",4108
2024,"New Hampshire","County 1379","DEMOCRAT",2619
2024,"New Jersey","County 1380","REPUBLICAN",4288
2024,"New Jersey","County 1380","DEMOCRAT",2199
2024,"New Mexico","County 1381","REPUBLICAN",4065
2024,"New Mexico","County 1381","DEMOCRAT",8322
2024,"New York","County 1382","REPUBLICAN",1492
2024,"New York","County 1382","DEMOCRAT",385
2024,"North Carolina","County 1383","REPUBLICAN",16763
2024,"North Carolina","County 1383","DEMOCRAT",4627
2024,"North Dakota","County 1384","REPUBLICAN",2512
2024,"North Dakota","County 1384","DEMOCRAT",1557
2024,"Ohio","County 1385","REPUBLICAN",4434
2024,"Ohio","County 1385","DEMOCRAT",4816
2024,"Oklahoma","County 1386","REPUBLICAN",32451
2024,"Oklahoma","County 1386","DEMOCRAT",41588
2024,"Oregon","County 1387","REPUBLICAN",2168
2024,"Oregon","County 1387","DEMOCRAT",622
2024,"Pennsylvania","County 1388","REPUBLICAN",8798
2024,"Pennsylvania","County 1388","DEMOCRAT",3972
2024,"Rhode Island","County 1389","REPUBLICAN",4560
2024,"Rhode Island","County 1389","DEMOCRAT",3615
2024,"South Carolina","County 1390","REPUBLICAN",250
2024,"South Carolina","County 1390","DEMOCRAT",746
2024,"South Dakota","County 1391","REPUBLICAN",10971
2024,"South Dakota","County 1391","DEMOCRAT",6107
2024,"Tennessee","County 1392","REPUBLICAN",3097
2024,"Tennessee","County 1392","DEMOCRAT",1394
2024,"Texas","County 1393","REPUBLICAN",2951
2024,"Texas","County 1393","DEMOCRAT",1510
2024,"Utah","County 1394","REPUBLICAN",2891
2024,"Utah","County 1394","DEMOCRAT",5015
2024,"Vermont","County 1395","REPUBLICAN",54278
2024,"Vermont","County 1395","DEMOCRAT",48102
2024,"Virginia","County 1396","REPUBLICAN",11642
2024,"Virginia","County 1396","DEMOCRAT",4663
2024,"Washington","County 1397","REPUBLICAN",1236
2024,"Washington","County 1397","DEMOCRAT",1122
2024,"West Virginia","County 1398","REPUBLICAN",1671
2024,"West Virginia","County 1398","DEMOCRAT",1398
2024,"Wisconsin","County 1399","REPUBLICAN",683
2024,"Wisconsin","County 1399","DEMOCRAT",352
2024,"Wyoming","County 1400","REPUBLICAN",500
2024,"Wyoming","County 1400","DEMOCRAT",135
2024,"Alabama","County 1401","REPUBLICAN",17950
2024,"Alabama","County 1401","DEMOCRAT",21556
2024,"Alaska","County 1402","REPUBLICAN",13115
2024,"Alaska","County 1402","DEMOCRAT",18314
2024,"Arizona","County 1403","REPUBLICAN",5767
2024,"Arizona","County 1403","DEMOCRAT",3516
2024,"Arkansas","County 1404","REPUBLICAN",28273
2024,"Arkansas","County 1404","DEMOCRAT",4675
2024,"California","County 1405","REPUBLICAN",12739
2024,"California","County 1405","DEMOCRAT",7837
2024,"Colorado","County 1406","REPUBLICAN",13222
2024,"Colorado","County 1406","DEMOCRAT",6030
2024,"Connecticut","County 1407","REPUBLICAN",6111
2024,"Connecticut","County 1407","DEMOCRAT",1792
2024,"Delaware","County 1408","REPUBLICAN",27508
2024,"Delaware","County 1408","DEMOCRAT",8356
2024,"Florida","County 1409","REPUBLICAN",1932
2024,"Florida","County 1409","DEMOCRAT",1715
2024,"Georgia","County 1410","REPUBLICAN",14279
2024,"Georgia","County 1410","DEMOCRAT",11673
2024,"Hawaii","County 1411","REPUBLICAN",4905
2024,"Hawaii","County 1411","DEMOCRAT",2164
2024,"Idaho","County 1412","REPUBLICAN",14886
2024,"Idaho","County 1412","DEMOCRAT",6759
2024,"Illinois","County 1413","REPUBLICAN",1388
2024,"Illinois","County 1413","DEMOCRAT",1328
2024,"Indiana","County 1414","REPUBLICAN",4472
2024,"Indiana","County 1414","DEMOCRAT",5406
2024,"Iowa","County 1415","REPUBLICAN",3738
2024,"Iowa","County 1415","DEMOCRAT",4136
2024,"Kansas","County 1416","REPUBLICAN",1451
2024,"Kansas","County 1416","DEMOCRAT",1328
2024,"Kentucky","County 1417","REPUBLICAN",731
2024,"Kentucky","County 1417","DEMOCRAT",1223
2024,"Louisiana","County 1418","REPUBLICAN",12461
2024,"Louisiana","County 1418","DEMOCRAT",35826
2024,"Maine","County 1419","REPUBLICAN",19894
2024,"Maine","County 1419","DEMOCRAT",5990
2024,"Maryland","County 1420","REPUBLICAN",6766
2024,"Maryland","County 1420","DEMOCRAT",2224
2024,"Massachusetts","County 1421","REPUBLICAN",2266
2024,"Massachusetts","County 1421","DEMOCRAT",258
2024,"Michigan","County 1422","REPUBLICAN",267
2024,"Michigan","County 1422","DEMOCRAT",342
2024,"Minnesota","County 1423","REPUBLICAN",4012
2024,"Minnesota","County 1423","DEMOCRAT",4848
2024,"Mississippi","County 1424","REPUBLICAN",786
2024,"Mississippi","County 1424","DEMOCRAT",1072
2024,"Missouri","County 1425","REPUBLICAN",6330
2024,"Missouri","County 1425","DEMOCRAT",3782
2024,"Montana","County 1426","REPUBLICAN",61457
2024,"Montana","County 1426","DEMOCRAT",34590
2024,"Nebraska","County 1427","REPUBLICAN",8536
2024,"Nebraska","County 1427","DEMOCRAT",1440
2024,"Nevada","County 1428","REPUBLICAN",215
2024,"Nevada","County 1428","DEMOCRAT",324
2024,"New Hampshire","County 1429","REPUBLICAN",1204
2024,"New Hampshire","County 1429","DEMOCRAT",2498
2024,"New Jersey","County 1430","REPUBLICAN",7349
2024,"New Jersey","County 1430","DEMOCRAT",2296
2024,"New Mexico","County 1431","REPUBLICAN",77732
2024,"New Mexico","County 1431","DEMOCRAT",57483
2024,"New York","County 1432","REPUBLICAN",14545
2024,"New York","County 1432","DEMOCRAT",8814
2024,"North Carolina","County 1433","REPUBLICAN",17844
2024,"North Carolina","County 1433","DEMOCRAT",5241
2024,"North Dakota","County 1434","REPUBLICAN",13622
2024,"North Dakota","County 1434","DEMOCRAT",21029
2024,"Ohio","County 1435","REPUBLICAN",3380
2024,"Ohio","County 1435","DEMOCRAT",690
2024,"Oklahoma","County 1436","REPUBLICAN",10168
2024,"Oklahoma","County 1436","DEMOCRAT",4594
2024,"Oregon","County 1437","REPUBLICAN",28871
2024,"Oregon","County 1437","DEMOCRAT",24121
2024,"Pennsylvania","County 1438","REPUBLICAN",1867
2024,"Pennsylvania","County 1438","DEMOCRAT",1889
2024,"Rhode Island","County 1439","REPUBLICAN",6720
2024,"Rhode Island","County 1439","DEMOCRAT",7361
2024,"South Carolina","County 1440","REPUBLICAN",19722
2024,"South Carolina","County 1440","DEMOCRAT",22382
2024,"South Dakota","County 1441","REPUBLICAN",2283
2024,"South Dakota","County 1441","DEMOCRAT",1248
2024,"Tennessee","County 1442","REPUBLICAN",2040
2024,"Tennessee","County 1442","DEMOCRAT",2275
2024,"Texas","County 1443","REPUBLICAN",2264
2024,"Texas","County 1443","DEMOCRAT",2220
2024,"Utah","County 1444","REPUBLICAN",8751
2024,"Utah","County 1444","DEMOCRAT",4095
2024,"Vermont","County 1445","REPUBLICAN",10683
2024,"Vermont","County 1445","DEMOCRAT",5307
2024,"Virginia","County 1446","REPUBLICAN",19349
2024,"Virginia","County 1446","DEMOCRAT",2657
2024,"Washington","County 1447","REPUBLICAN",16771
2024,"Washington","County 1447","DEMOCRAT",13730
2024,"West Virginia","County 1448","REPUBLICAN",2821
2024,"West Virginia","County 1448","DEMOCRAT",1426
2024,"Wisconsin","County 1449","REPUBLICAN",407
2024,"Wisconsin","County 1449","DEMOCRAT",97
2024,"Wyoming","County 1450","REPUBLICAN",4570
2024,"Wyoming","County 1450","DEMOCRAT",4628
2024,"Alabama","County 1451","REPUBLICAN",2859
2024,"Alabama","County 1451","DEMOCRAT",4166
2024,"Alaska","County 1452","REPUBLICAN",136009
2024,"Alaska","County 1452","DEMOCRAT",95259
2024,"Arizona","County 1453","REPUBLICAN",3431
2024,"Arizona","County 1453","DEMOCRAT",1244
2024,"Arkansas","County 1454","REPUBLICAN",17670
2024,"Arkansas","County 1454","DEMOCRAT",14923
2024,"California","County 1455","REPUBLICAN",1849
2024,"California","County 1455","DEMOCRAT",902
2024,"Colorado","County 1456","REPUBLICAN",7073
2024,"Colorado","County 1456","DEMOCRAT",5795
2024,"Connecticut","County 1457","REPUBLICAN",21606
2024,"Connecticut","County 1457","DEMOCRAT",5984
2024,"Delaware","County 1458","REPUBLICAN",23985
2024,"Delaware","County 1458","DEMOCRAT",15212
2024,"Florida","County 1459","REPUBLICAN",5293
2024,"Florida","County 1459","DEMOCRAT",3180
2024,"Georgia","County 1460","REPUBLICAN",37267
2024,"Georgia","County 1460","DEMOCRAT",32060
2024,"Hawaii","County 1461","REPUBLICAN",2929
2024,"Hawaii","County 1461","DEMOCRAT",1426
2024,"Idaho","County 1462","REPUBLICAN",13644
2024,"Idaho","County 1462","DEMOCRAT",12727
2024,"Illinois","County 1463","REPUBLICAN",7658
2024,"Illinois","County 1463","DEMOCRAT",2176
2024,"Indiana","County 1464","REPUBLICAN",11270
2024,"Indiana","County 1464","DEMOCRAT",3446
2024,"Iowa","County 1465","REPUBLICAN",6312
2024,"Iowa","County 1465","DEMOCRAT",5573
2024,"Kansas","County 1466","REPUBLICAN",4388
2024,"Kansas","County 1466","DEMOCRAT",2100
2024,"Kentucky","County 1467","REPUBLICAN",22659
2024,"Kentucky","County 1467","DEMOCRAT",6570
2024,"Louisiana","County 1468","REPUBLICAN",9576
2024,"Louisiana","County 1468","DEMOCRAT",1773
2024,"Maine","County 1469","REPUBLICAN",1203
2024,"Maine","County 1469","DEMOCRAT",356
2024,"Maryland","County 1470","REPUBLICAN",13954
2024,"Maryland","County 1470","DEMOCRAT",4111
2024,"Massachusetts","County 1471","REPUBLICAN",5253
2024,"Massachusetts","County 1471","DEMOCRAT",2935
2024,"Michigan","County 1472","REPUBLICAN",6414
2024,"Michigan","County 1472","DEMOCRAT",1587
2024,"Minnesota","County 1473","REPUBLICAN",91843
2024,"Minnesota","County 1473","DEMOCRAT",58985
2024,"Mississippi","County 1474","REPUBLICAN",5992
2024,"Mississippi","County 1474","DEMOCRAT",3473
2024,"Missouri","County 1475","REPUBLICAN",645
2024,"Missouri","County 1475","DEMOCRAT",361
2024,"Montana","County 1476","REPUBLICAN",20836
2024,"Montana","County 1476","DEMOCRAT",9876
2024,"Nebraska","County 1477","REPUBLICAN",2155
2024,"Nebraska","County 1477","DEMOCRAT",1992
2024,"Nevada","County 1478","REPUBLICAN",974
2024,"Nevada","County 1478","DEMOCRAT",671
2024,"New Hampshire","County 1479","REPUBLICAN",11528
2024,"New Hampshire","County 1479","DEMOCRAT",2945
2024,"New Jersey","County 1480","REPUBLICAN",3724
2024,"New Jersey","County 1480","DEMOCRAT",1492
2024,"New Mexico","County 1481","REPUBLICAN",33262
2024,"New Mexico","County 1481","DEMOCRAT",21588
2024,"New York","County 1482","REPUBLICAN",2639
2024,"New York","County 1482","DEMOCRAT",1203
2024,"North Carolina","County 1483","REPUBLICAN",454
2024,"North Carolina","County 1483","DEMOCRAT",182
2024,"North Dakota","County 1484","REPUBLICAN",1403
2024,"North Dakota","County 1484","DEMOCRAT",1709
2024,"Ohio","County 1485","REPUBLICAN",6748
2024,"Ohio","County 1485","DEMOCRAT",6713
2024,"Oklahoma","County 1486","REPUBLICAN",7806
2024,"Oklahoma","County 1486","DEMOCRAT",7001
2024,"Oregon","County 1487","REPUBLICAN",21517
2024,"Oregon","County 1487","DEMOCRAT",11717
2024,"Pennsylvania","County 1488","REPUBLICAN",8328
2024,"Pennsylvania","County 1488","DEMOCRAT",2380
2024,"Rhode Island","County 1489","REPUBLICAN",2178
2024,"Rhode Island","County 1489","DEMOCRAT",721
2024,"South Carolina","County 1490","REPUBLICAN",2228
2024,"South Carolina","County 1490","DEMOCRAT",1916
2024,"South Dakota","County 1491","REPUBLICAN",1978
2024,"South Dakota","County 1491","DEMOCRAT",420
2024,"Tennessee","County 1492","REPUBLICAN",2105
2024,"Tennessee","County 1492","DEMOCRAT",673
2024,"Texas","County 1493","REPUBLICAN",2733
2024,"Texas","County 1493","DEMOCRAT",5493
2024,"Utah","County 1494","REPUBLICAN",1012
2024,"Utah","County 1494","DEMOCRAT",866
2024,"Vermont","County 1495","REPUBLICAN",1094
2024,"Vermont","County 1495","DEMOCRAT",1998
2024,"Virginia","County 1496","REPUBLICAN",3143
2024,"Virginia","County 1496","DEMOCRAT",2445
2024,"Washington","County 1497","REPUBLICAN",3408
2024,"Washington","County 1497","DEMOCRAT",1861
2024,"West Virginia","County 1498","REPUBLICAN",7421
2024,"West Virginia","County 1498","DEMOCRAT",4052
2024,"Wisconsin","County 1499","REPUBLICAN",667
2024,"Wisconsin","County 1499","DEMOCRAT",323
2024,"Wyoming","County 1500","REPUBLICAN",16357
2024,"Wyoming","County 1500","DEMOCRAT",5767
2024,"Alabama","County 1501","REPUBLICAN",503
2024,"Alabama","County 1501","DEMOCRAT",155
2024,"Alaska","County 1502","REPUBLICAN",5942
2024,"Alaska","County 1502","DEMOCRAT",4862
2024,"Arizona","County 1503","REPUBLICAN",20417
2024,"Arizona","County 1503","DEMOCRAT",18242
2024,"Arkansas","County 1504","REPUBLICAN",16015
2024,"Arkansas","County 1504","DEMOCRAT",3367
2024,"California","County 1505","REPUBLICAN",129270
2024,"California","County 1505","DEMOCRAT",25543
2024,"Colorado","County 1506","REPUBLICAN",3125
2024,"Colorado","County 1506","DEMOCRAT",2743
2024,"Connecticut","County 1507","REPUBLICAN",3242
2024,"Connecticut","County 1507","DEMOCRAT",1609
2024,"Delaware","County 1508","REPUBLICAN",563
2024,"Delaware","County 1508","DEMOCRAT",850
2024,"Florida","County 1509","REPUBLICAN",2643
2024,"Florida","County 1509","DEMOCRAT",898
2024,"Georgia","County 1510","REPUBLICAN",275
2024,"Georgia","County 1510","DEMOCRAT",298
2024,"Hawaii","County 1511","REPUBLICAN",2639
2024,"Hawaii","County 1511","DEMOCRAT",1558
2024,"Idaho","County 1512","REPUBLICAN",3934
2024,"Idaho","County 1512","DEMOCRAT",1549
2024,"Illinois","County 1513","REPUBLICAN",1217
2024,"Illinois","County 1513","DEMOCRAT",1858
2024,"Indiana","County 1514","REPUBLICAN",12652
2024,"Indiana","County 1514","DEMOCRAT",12279
2024,"Iowa","County 1515","REPUBLICAN",1218
2024,"Iowa","County 1515","DEMOCRAT",1931
2024,"Kansas","County 1516","REPUBLICAN",1760
2024,"Kansas","County 1516","DEMOCRAT",1694
2024,"Kentucky","County 1517","REPUBLICAN",2683
2024,"Kentucky","County 1517","DEMOCRAT",1111
2024,"Louisiana","County 1518","REPUBLICAN",3606
2024,"Louisiana","County 1518","DEMOCRAT",2042
2024,"Maine","County 1519","REPUBLICAN",6973
2024,"Maine","County 1519","DEMOCRAT",2133
2024,"Maryland","County 1520","REPUBLICAN",4342
2024,"Maryland","County 1520","DEMOCRAT",561
2024,"Massachusetts","County 1521","REPUBLICAN",15053
2024,"Massachusetts","County 1521","DEMOCRAT",4661
2024,"Michigan","County 1522","REPUBLICAN",3832
2024,"Michigan","County 1522","DEMOCRAT",2094
2024,"Minnesota","County 1523","REPUBLICAN",4786
2024,"Minnesota","County 1523","DEMOCRAT",4759
2024,"Mississippi","County 1524","REPUBLICAN",3527
2024,"Mississippi","County 1524","DEMOCRAT",1654
2024,"Missouri","County 1525","REPUBLICAN",1144
2024,"Missouri","County 1525","DEMOCRAT",1105
2024,"Montana","County 1526","REPUBLICAN",3154
2024,"Montana","County 1526","DEMOCRAT",519
2024,"Nebraska","County 1527","REPUBLICAN",35643
2024,"Nebraska","County 1527","DEMOCRAT",29678
2024,"Nevada","County 1528","REPUBLICAN",30490
2024,"Nevada","County 1528","DEMOCRAT",13053
2024,"New Hampshire","County 1529","REPUBLICAN",4601
2024,"New Hampshire","County 1529","DEMOCRAT",2925
2024,"New Jersey","County 1530","REPUBLICAN",9309
2024,"New Jersey","County 1530","DEMOCRAT",3761
2024,"New Mexico","County 1531","REPUBLICAN",2682
2024,"New Mexico","County 1531","DEMOCRAT",6839
2024,"New York","County 1532","REPUBLICAN",1975
2024,"New York","County 1532","DEMOCRAT",226
2024,"North Carolina","County 1533","REPUBLICAN",27952
2024,"North Carolina","County 1533","DEMOCRAT",25960
2024,"North Dakota","County 1534","REPUBLICAN",5296
2024,"North Dakota","County 1534","DEMOCRAT",2210
2024,"Ohio","County 1535","REPUBLICAN",765
2024,"Ohio","County 1535","DEMOCRAT",1469
2024,"Oklahoma","County 1536","REPUBLICAN",5172
2024,"Oklahoma","County 1536","DEMOCRAT",2627
2024,"Oregon","County 1537","REPUBLICAN",69804
2024,"Oregon","County 1537","DEMOCRAT",35313
2024,"Pennsylvania","County 1538","REPUBLICAN",2899
2024,"Pennsylvania","County 1538","DEMOCRAT",3336
2024,"Rhode Island","County 1539","REPUBLICAN",2344
2024,"Rhode Island","County 1539","DEMOCRAT",1238
2024,"South Carolina","County 1540","REPUBLICAN",2654
2024,"South Carolina","County 1540","DEMOCRAT",2905
2024,"South Dakota","County 1541","REPUBLICAN",4497
2024,"South Dakota","County 1541","DEMOCRAT",2268
2024,"Tennessee","County 1542","REPUBLICAN",11427
2024,"Tennessee","County 1542","DEMOCRAT",13291
2024,"Texas","County 1543","REPUBLICAN",550
2024,"Texas","County 1543","DEMOCRAT",452
2024,"Utah","County 1544","REPUBLICAN",2584
2024,"Utah","County 1544","DEMOCRAT",3995
2024,"Vermont","County 1545","REPUBLICAN",5229
2024,"Vermont","County 1545","DEMOCRAT",1226
2024,"Virginia","County 1546","REPUBLICAN",244
2024,"Virginia","County 1546","DEMOCRAT",121
2024,"Washington","County 1547","REPUBLICAN",11869
2024,"Washington","County 1547","DEMOCRAT",2242
2024,"West Virginia","County 1548","REPUBLICAN",766
2024,"West Virginia","County 1548","DEMOCRAT",818
2024,"Wisconsin","County 1549","REPUBLICAN",1882
2024,"Wisconsin","County 1549","DEMOCRAT",1100
2024,"Wyoming","County 1550","REPUBLICAN",9179
2024,"Wyoming","County 1550","DEMOCRAT",6579
2024,"Alabama","County 1551","REPUBLICAN",7909
2024,"Alabama","County 1551","DEMOCRAT",2073
2024,"Alaska","County 1552","REPUBLICAN",1402
2024,"Alaska","County 1552","DEMOCRAT",2194
2024,"Arizona","County 1553","REPUBLICAN",5313
2024,"Arizona","County 1553","DEMOCRAT",3863
2024,"Arkansas","County 1554","REPUBLICAN",3393
2024,"Arkansas","County 1554","DEMOCRAT",1487
2024,"California","County 1555","REPUBLICAN",1680
2024,"California","County 1555","DEMOCRAT",3216
2024,"Colorado","County 1556","REPUBLICAN",4303
2024,"Colorado","County 1556","DEMOCRAT",1563
2024,"Connecticut","County 1557","REPUBLICAN",13380
2024,"Connecticut","County 1557","DEMOCRAT",9348
2024,"Delaware","County 1558","REPUBLICAN",738
2024,"Delaware","County 1558","DEMOCRAT",588
2024,"Florida","County 1559","REPUBLICAN",348
2024,"Florida","County 1559","DEMOCRAT",488
2024,"Georgia","County 1560","REPUBLICAN",13318
2024,"Georgia","County 1560","DEMOCRAT",4779
2024,"Hawaii","County 1561","REPUBLICAN",10305
2024,"Hawaii","County 1561","DEMOCRAT",6057
2024,"Idaho","County 1562","REPUBLICAN",8122
2024,"Idaho","County 1562","DEMOCRAT",1394
2024,"Illinois","County 1563","REPUBLICAN",8134
2024,"Illinois","County 1563","DEMOCRAT",5555
2024,"Indiana","County 1564","REPUBLICAN",13124
2024,"Indiana","County 1564","DEMOCRAT",5282
2024,"Iowa","County 1565","REPUBLICAN",68150
2024,"Iowa","County 1565","DEMOCRAT",91823
2024,"Kansas","County 1566","REPUBLICAN",40341
2024,"Kansas","County 1566","DEMOCRAT",88227
2024,"Kentucky","County 1567","REPUBLICAN",1332
2024,"Kentucky","County 1567","DEMOCRAT",777
2024,"Louisiana","County 1568","REPUBLICAN",20439
2024,"Louisiana","County 1568","DEMOCRAT",18434
2024,"Maine","County 1569","REPUBLICAN",1703
2024,"Maine","County 1569","DEMOCRAT",621
2024,"Maryland","County 1570","REPUBLICAN",5123
2024,"Maryland","County 1570","DEMOCRAT",4283
2024,"Massachusetts","County 1571","REPUBLICAN",4076
2024,"Massachusetts","County 1571","DEMOCRAT",1962
2024,"Michigan","County 1572","REPUBLICAN",61625
2024,"Michigan","County 1572","DEMOCRAT",30122
2024,"Minnesota","County 1573","REPUBLICAN",1673
2024,"Minnesota","County 1573","DEMOCRAT",433
2024,"Mississippi","County 1574","REPUBLICAN",4387
2024,"Mississippi","County 1574","DEMOCRAT",2943
2024,"Missouri","County 1575","REPUBLICAN",8258
2024,"Missouri","County 1575","DEMOCRAT",1396
2024,"Montana","County 1576","REPUBLICAN",39488
2024,"Montana","County 1576","DEMOCRAT",40407
2024,"Nebraska","County 1577","REPUBLICAN",5266
2024,"Nebraska","County 1577","DEMOCRAT",1567
2024,"Nevada","County 1578","REPUBLICAN",311
2024,"Nevada","County 1578","DEMOCRAT",234
2024,"New Hampshire","County 1579","REPUBLICAN",8548
2024,"New Hampshire","County 1579","DEMOCRAT",8768
2024,"New Jersey","County 1580","REPUBLICAN",5758
2024,"New Jersey","County 1580","DEMOCRAT",3652
2024,"New Mexico","County 1581","REPUBLICAN",7964
2024,"New Mexico","County 1581","DEMOCRAT",8832
2024,"New York","County 1582","REPUBLICAN",3997
2024,"New York","County 1582","DEMOCRAT",3002
2024,"North Carolina","County 1583","REPUBLICAN",2805
2024,"North Carolina","County 1583","DEMOCRAT",1875
2024,"North Dakota","County 1584","REPUBLICAN",4819
2024,"North Dakota","County 1584","DEMOCRAT",1399
2024,"Ohio","County 1585","REPUBLICAN",1342
2024,"Ohio","County 1585","DEMOCRAT",679
2024,"Oklahoma","County 1586","REPUBLICAN",1759
2024,"Oklahoma","County 1586","DEMOCRAT",1612
2024,"Oregon","County 1587","REPUBLICAN",10401
2024,"Oregon","County 1587","DEMOCRAT",2917
2024,"Pennsylvania","County 1588","REPUBLICAN",6881
2024,"Pennsylvania","County 1588","DEMOCRAT",5046
2024,"Rhode Island","County 1589","REPUBLICAN",2552
2024,"Rhode Island","County 1589","DEMOCRAT",2273
2024,"South Carolina","County 1590","REPUBLICAN",2499
2024,"South Carolina","County 1590","DEMOCRAT",2488
2024,"South Dakota","County 1591","REPUBLICAN",5259
2024,"South Dakota","County 1591","DEMOCRAT",3028
2024,"Tennessee","County 1592","REPUBLICAN",10155
2024,"Tennessee","County 1592","DEMOCRAT",4787
2024,"Texas","County 1593","REPUBLICAN",1030
2024,"Texas","County 1593","DEMOCRAT",377
2024,"Utah","County 1594","REPUBLICAN",1146
2024,"Utah","County 1594","DEMOCRAT",484
2024,"Vermont","County 1595","REPUBLICAN",4356
2024,"Vermont","County 1595","DEMOCRAT",2111
2024,"Virginia","County 1596","REPUBLICAN",12550
2024,"Virginia","County 1596","DEMOCRAT",4246
2024,"Washington","County 1597","REPUBLICAN",19293
2024,"Washington","County 1597","DEMOCRAT",15670
2024,"West Virginia","County 1598","REPUBLICAN",10822
2024,"West Virginia","County 1598","DEMOCRAT",10691
2024,"Wisconsin","County 1599","REPUBLICAN",7584
2024,"Wisconsin","County 1599","DEMOCRAT",2980
2024,"Wyoming","County 1600","REPUBLICAN",11684
2024,"Wyoming","County 1600","DEMOCRAT",10286
2024,"Alabama","County 1601","REPUBLICAN",4583
2024,"Alabama","County 1601","DEMOCRAT",2509
2024,"Alaska","County 1602","REPUBLICAN",3055
2024,"Alaska","County 1602","DEMOCRAT",2224
2024,"Arizona","County 1603","REPUBLICAN",585
2024,"Arizona","County 1603","DEMOCRAT",1551
2024,"Arkansas","County 1604","REPUBLICAN",885
2024,"Arkansas","County 1604","DEMOCRAT",1347
2024,"California","County 1605","REPUBLICAN",16523
2024,"California","County 1605","DEMOCRAT",9676
2024,"Colorado","County 1606","REPUBLICAN",67156
2024,"Colorado","County 1606","DEMOCRAT",28275
2024,"Connecticut","County 1607","REPUBLICAN",2599
2024,"Connecticut","County 1607","DEMOCRAT",447
2024,"Delaware","County 1608","REPUBLICAN",5854
2024,"Delaware","County 1608","DEMOCRAT",2293
2024,"Florida","County 1609","REPUBLICAN",2522
2024,"Florida","County 1609","DEMOCRAT",1390
2024,"Georgia","County 1610","REPUBLICAN",38484
2024,"Georgia","County 1610","DEMOCRAT",42941
2024,"Hawaii","County 1611","REPUBLICAN",10457
2024,"Hawaii","County 1611","DEMOCRAT",4329
2024,"Idaho","County 1612","REPUBLICAN",11035
2024,"Idaho","County 1612","DEMOCRAT",14507
2024,"Illinois","County 1613","REPUBLICAN",4834
2024,"Illinois","County 1613","DEMOCRAT",4127
2024,"Indiana","County 1614","REPUBLICAN",3184
2024,"Indiana","County 1614","DEMOCRAT",1282
2024,"Iowa","County 1615","REPUBLICAN",1639
2024,"Iowa","County 1615","DEMOCRAT",518
2024,"Kansas","County 1616","REPUBLICAN",12725
2024,"Kansas","County 1616","DEMOCRAT",9375
2024,"Kentucky","County 1617","REPUBLICAN",4095
2024,"Kentucky","County 1617","DEMOCRAT",1825
2024,"Louisiana","County 1618","REPUBLICAN",697
2024,"Louisiana","County 1618","DEMOCRAT",406
2024,"Maine","County 1619","REPUBLICAN",8786
2024,"Maine","County 1619","DEMOCRAT",9145
2024,"Maryland","County 1620","REPUBLICAN",14370
2024,"Maryland","County 1620","DEMOCRAT",8830
2024,"Massachusetts","County 1621","REPUBLICAN",38773
2024,"Massachusetts","County 1621","DEMOCRAT",1736
2024,"Michigan","County 1622","REPUBLICAN",4177
2024,"Michigan","County 1622","DEMOCRAT",1184
2024,"Minnesota","County 1623","REPUBLICAN",3821
2024,"Minnesota","County 1623","DEMOCRAT",6199
2024,"Mississippi","County 1624","REPUBLICAN",757
2024,"Mississippi","County 1624","DEMOCRAT",494
2024,"Missouri","County 1625","REPUBLICAN",19795
2024,"Missouri","County 1625","DEMOCRAT",17249
2024,"Montana","County 1626","REPUBLICAN",1510
2024,"Montana","County 1626","DEMOCRAT",1234
2024,"Nebraska","County 1627","REPUBLICAN",1498
2024,"Nebraska","County 1627","DEMOCRAT",1359
2024,"Nevada","County 1628","REPUBLICAN",665
2024,"Nevada","County 1628","DEMOCRAT",294
2024,"New Hampshire","County 1629","REPUBLICAN",2943
2024,"New Hampshire","County 1629","DEMOCRAT",1271
2024,"New Jersey","County 1630","REPUBLICAN",3378
2024,"New Jersey","County 1630","DEMOCRAT",2277
2024,"New Mexico","County 1631","REPUBLICAN",5683
2024,"New Mexico","County 1631","DEMOCRAT",2391
2024,"New York","County 1632","REPUBLICAN",303
2024,"New York","County 1632","DEMOCRAT",162
2024,"North Carolina","County 1633","REPUBLICAN",49212
2024,"North Carolina","County 1633","DEMOCRAT",21769
2024,"North Dakota","County 1634","REPUBLICAN",4332
2024,"North Dakota","County 1634","DEMOCRAT",6767
2024,"Ohio","County 1635","REPUBLICAN",494
2024,"Ohio","County 1635","DEMOCRAT",784
2024,"Oklahoma","County 1636","REPUBLICAN",1611
2024,"Oklahoma","County 1636","DEMOCRAT",462
2024,"Oregon","County 1637","REPUBLICAN",2433
2024,"Oregon","County 1637","DEMOCRAT",2189
2024,"Pennsylvania","County 1638","REPUBLICAN",4591
2024,"Pennsylvania","County 1638","DEMOCRAT",1520
2024,"Rhode Island","County 1639","REPUBLICAN",15722
2024,"Rhode Island","County 1639","DEMOCRAT",31433
2024,"South Carolina","County 1640","REPUBLICAN",952
2024,"South Carolina","County 1640","DEMOCRAT",399
2024,"South Dakota","County 1641","REPUBLICAN",20786
2024,"South Dakota","County 1641","DEMOCRAT",27353
2024,"Tennessee","County 1642","REPUBLICAN",1455
2024,"Tennessee","County 1642","DEMOCRAT",578
2024,"Texas","County 1643","REPUBLICAN",20125
2024,"Texas","County 1643","DEMOCRAT",7597
2024,"Utah","County 1644","REPUBLICAN",4761
2024,"Utah","County 1644","DEMOCRAT",6378
2024,"Vermont","County 1645","REPUBLICAN",11791
2024,"Vermont","County 1645","DEMOCRAT",7318
2024,"Virginia","County 1646","REPUBLICAN",35700
2024,"Virginia","County 1646","DEMOCRAT",16748
2024,"Washington","County 1647","REPUBLICAN",11626
2024,"Washington","County 1647","DEMOCRAT",13403
2024,"West Virginia","County 1648","REPUBLICAN",3937
2024,"West Virginia","County 1648","DEMOCRAT",1999
2024,"Wisconsin","County 1649","REPUBLICAN",1199
2024,"Wisconsin","County 1649","DEMOCRAT",638
2024,"Wyoming","County 1650","REPUBLICAN",5554
2024,"Wyoming","County 1650","DEMOCRAT",5477
2024,"Alabama","County 1651","REPUBLICAN",3599
2024,"Alabama","County 1651","DEMOCRAT",1319
2024,"Alaska","County 1652","REPUBLICAN",29059
2024,"Alaska","County 1652","DEMOCRAT",20925
2024,"Arizona","County 1653","REPUBLICAN",16799
2024,"Arizona","County 1653","DEMOCRAT",7094
2024,"Arkansas","County 1654","REPUBLICAN",26333
2024,"Arkansas","County 1654","DEMOCRAT",16318
2024,"California","County 1655","REPUBLICAN",3891
2024,"California","County 1655","DEMOCRAT",3481
2024,"Colorado","County 1656","REPUBLICAN",3701
2024,"Colorado","County 1656","DEMOCRAT",2633
2024,"Connecticut","County 1657","REPUBLICAN",676
2024,"Connecticut","County 1657","DEMOCRAT",849
2024,"Delaware","County 1658","REPUBLICAN",10610
2024,"Delaware","County 1658","DEMOCRAT",12718
2024,"Florida","County 1659","REPUBLICAN",55196
2024,"Florida","County 1659","DEMOCRAT",38914
2024,"Georgia","County 1660","REPUBLICAN",8855
2024,"Georgia","County 1660","DEMOCRAT",3946
2024,"Hawaii","County 1661","REPUBLICAN",831
2024,"Hawaii","County 1661","DEMOCRAT",774
2024,"Idaho","County 1662","REPUBLICAN",10316
2024,"Idaho","County 1662","DEMOCRAT",2637
2024,"Illinois","County 1663","REPUBLICAN",5179
2024,"Illinois","County 1663","DEMOCRAT",940
2024,"Indiana","County 1664","REPUBLICAN",2317
2024,"Indiana","County 1664","DEMOCRAT",4032
2024,"Iowa","County 1665","REPUBLICAN",2539
2024,"Iowa","County 1665","DEMOCRAT",710
2024,"Kansas","County 1666","REPUBLICAN",6618
2024,"Kansas","County 1666","DEMOCRAT",7264
2024,"Kentucky","County 1667","REPUBLICAN",10074
2024,"Kentucky","County 1667","DEMOCRAT",10682
2024,"Louisiana","County 1668","REPUBLICAN",11810
2024,"Louisiana","County 1668","DEMOCRAT",5396
2024,"Maine","County 1669","REPUBLICAN",2663
2024,"Maine","County 1669","DEMOCRAT",1745
2024,"Maryland","County 1670","REPUBLICAN",4966
2024,"Maryland","County 1670","DEMOCRAT",6296
2024,"Massachusetts","County 1671","REPUBLICAN",3914
2024,"Massachusetts","County 1671","DEMOCRAT",1589
2024,"Michigan","County 1672","REPUBLICAN",1513
2024,"Michigan","County 1672","DEMOCRAT",1184
2024,"Minnesota","County 1673","REPUBLICAN",895
2024,"Minnesota","County 1673","DEMOCRAT",1735
2024,"Mississippi","County 1674","REPUBLICAN",3832
2024,"Mississippi","County 1674","DEMOCRAT",5471
2024,"Missouri","County 1675","REPUBLICAN",12182
2024,"Missouri","County 1675","DEMOCRAT",5668
2024,"Montana","County 1676","REPUBLICAN",3321
2024,"Montana","County 1676","DEMOCRAT",557
2024,"Nebraska","County 1677","REPUBLICAN",4410
2024,"Nebraska","County 1677","DEMOCRAT",1233
2024,"Nevada","County 1678","REPUBLICAN",4566
2024,"Nevada","County 1678","DEMOCRAT",5621
2024,"New Hampshire","County 1679","REPUBLICAN",8963
2024,"New Hampshire","County 1679","DEMOCRAT",4063
2024,"New Jersey","County 1680","REPUBLICAN",4181
2024,"New Jersey","County 1680","DEMOCRAT",2216
2024,"New Mexico","County 1681","REPUBLICAN",12547
2024,"New Mexico","County 1681","DEMOCRAT",12111
2024,"New York","County 1682","REPUBLICAN",1977
2024,"New York","County 1682","DEMOCRAT",696
2024,"North Carolina","County 1683","REPUBLICAN",5195
2024,"North Carolina","County 1683","DEMOCRAT",5955
2024,"North Dakota","County 1684","REPUBLICAN",4809
2024,"North Dakota","County 1684","DEMOCRAT",3507
2024,"Ohio","County 1685","REPUBLICAN",1214
2024,"Ohio","County 1685","DEMOCRAT",865
2024,"Oklahoma","County 1686","REPUBLICAN",16088
2024,"Oklahoma","County 1686","DEMOCRAT",4739
2024,"Oregon","County 1687","REPUBLICAN",9173
2024,"Oregon","County 1687","DEMOCRAT",7192
2024,"Pennsylvania","County 1688","REPUBLICAN",1154
2024,"Pennsylvania","County 1688","DEMOCRAT",832
2024,"Rhode Island","County 1689","REPUBLICAN",4211
2024,"Rhode Island","County 1689","DEMOCRAT",4470
2024,"South Carolina","County 1690","REPUBLICAN",2998
2024,"South Carolina","County 1690","DEMOCRAT",5065
2024,"South Dakota","County 1691","REPUBLICAN",1791
2024,"South Dakota","County 1691","DEMOCRAT",762
2024,"Tennessee","County 1692","REPUBLICAN",9025
2024,"Tennessee","County 1692","DEMOCRAT",2091
2024,"Texas","County 1693","REPUBLICAN",8658
2024,"Texas","County 1693","DEMOCRAT",6584
2024,"Utah","County 1694","REPUBLICAN",6653
2024,"Utah","County 1694","DEMOCRAT",4806
2024,"Vermont","County 1695","REPUBLICAN",1236
2024,"Vermont","County 1695","DEMOCRAT",455
2024,"Virginia","County 1696","REPUBLICAN",3833
2024,"Virginia","County 1696","DEMOCRAT",974
2024,"Washington","County 1697","REPUBLICAN",10107
2024,"Washington","County 1697","DEMOCRAT",4608
2024,"West Virginia","County 1698","REPUBLICAN",5982
2024,"West Virginia","County 1698","DEMOCRAT",2642
2024,"Wisconsin","County 1699","REPUBLICAN",884
2024,"Wisconsin","County 1699","DEMOCRAT",675
2024,"Wyoming","County 1700","REPUBLICAN",433
2024,"Wyoming","County 1700","DEMOCRAT",461
2024,"Alabama","County 1701","REPUBLICAN",28235
2024,"Alabama","County 1701","DEMOCRAT",11926
2024,"Alaska","County 1702","REPUBLICAN",1498
2024,"Alaska","County 1702","DEMOCRAT",734
2024,"Arizona","County 1703","REPUBLICAN",5479
2024,"Arizona","County 1703","DEMOCRAT",7044
2024,"Arkansas","County 1704","REPUBLICAN",18776
2024,"Arkansas","County 1704","DEMOCRAT",12198
2024,"California","County 1705","REPUBLICAN",5656
2024,"California","County 1705","DEMOCRAT",2622
2024,"Colorado","County 1706","REPUBLICAN",4657
2024,"Colorado","County 1706","DEMOCRAT",1851
2024,"Connecticut","County 1707","REPUBLICAN",21937
2024,"Connecticut","County 1707","DEMOCRAT",4091
2024,"Delaware","County 1708","REPUBLICAN",2723
2024,"Delaware","County 1708","DEMOCRAT",2098
2024,"Florida","County 1709","REPUBLICAN",7134
2024,"Florida","County 1709","DEMOCRAT",1697
2024,"Georgia","County 1710","REPUBLICAN",1714
2024,"Georgia","County 1710","DEMOCRAT",589
2024,"Hawaii","County 1711","REPUBLICAN",557
2024,"Hawaii","County 1711","DEMOCRAT",520
2024,"Idaho","County 1712","REPUBLICAN",34648
2024,"Idaho","County 1712","DEMOCRAT",51065
2024,"Illinois","County 1713","REPUBLICAN",7287
2024,"Illinois","County 1713","DEMOCRAT",2772
2024,"Indiana","County 1714","REPUBLICAN",1093
2024,"Indiana","County 1714","DEMOCRAT",292
2024,"Iowa","County 1715","REPUBLICAN",3750
2024,"Iowa","County 1715","DEMOCRAT",2392
2024,"Kansas","County 1716","REPUBLICAN",4396
2024,"Kansas","County 1716","DEMOCRAT",2500
2024,"Kentucky","County 1717","REPUBLICAN",1645
2024,"Kentucky","County 1717","DEMOCRAT",3020
2024,"Louisiana","County 1718","REPUBLICAN",3561
2024,"Louisiana","County 1718","DEMOCRAT",898
2024,"Maine","County 1719","REPUBLICAN",2511
2024,"Maine","County 1719","DEMOCRAT",2378
2024,"Maryland","County 1720","REPUBLICAN",9686
2024,"Maryland","County 1720","DEMOCRAT",4878
2024,"Massachusetts","County 1721","REPUBLICAN",2472
2024,"Massachusetts","County 1721","DEMOCRAT",633
2024,"Michigan","County 1722","REPUBLICAN",11359
2024,"Michigan","County 1722","DEMOCRAT",18090
2024,"Minnesota","County 1723","REPUBLICAN",6666
2024,"Minnesota","County 1723","DEMOCRAT",2631
2024,"Mississippi","County 1724","REPUBLICAN",1291
2024,"Mississippi","County 1724","DEMOCRAT",2057
2024,"Missouri","County 1725","REPUBLICAN",74431
2024,"Missouri","County 1725","DEMOCRAT",15107
2024,"Montana","County 1726","REPUBLICAN",2138
2024,"Montana","County 1726","DEMOCRAT",980
2024,"Nebraska","County 1727","REPUBLICAN",4662
2024,"Nebraska","County 1727","DEMOCRAT",2145
2024,"Nevada","County 1728","REPUBLICAN",14550
2024,"Nevada","County 1728","DEMOCRAT",8419
2024,"New Hampshire","County 1729","REPUBLICAN",39055
2024,"New Hampshire","County 1729","DEMOCRAT",34843
2024,"New Jersey","County 1730","REPUBLICAN",3517
2024,"New Jersey","County 1730","DEMOCRAT",2592
2024,"New Mexico","County 1731","REPUBLICAN",9726
2024,"New Mexico","County 1731","DEMOCRAT",12916
2024,"New York","County 1732","REPUBLICAN",11170
2024,"New York","County 1732","DEMOCRAT",5887
2024,"North Carolina","County 1733","REPUBLICAN",2014
2024,"North Carolina","County 1733","DEMOCRAT",946
2024,"North Dakota","County 1734","REPUBLICAN",15999
2024,"North Dakota","County 1734","DEMOCRAT",6414
2024,"Ohio","County 1735","REPUBLICAN",9337
2024,"Ohio","County 1735","DEMOCRAT",3883
2024,"Oklahoma","County 1736","REPUBLICAN",805
2024,"Oklahoma","County 1736","DEMOCRAT",250
2024,"Oregon","County 1737","REPUBLICAN",142082
2024,"Oregon","County 1737","DEMOCRAT",75606
2024,"Pennsylvania","County 1738","REPUBLICAN",1314
2024,"Pennsylvania","County 1738","DEMOCRAT",856
2024,"Rhode Island","County 1739","REPUBLICAN",3505
2024,"Rhode Island","County 1739","DEMOCRAT",1752
2024,"South Carolina","County 1740","REPUBLICAN",7029
2024,"South Carolina","County 1740","DEMOCRAT",3320
2024,"South Dakota","County 1741","REPUBLICAN",3643
2024,"South Dakota","County 1741","DEMOCRAT",2502
2024,"Tennessee","County 1742","REPUBLICAN",4873
2024,"Tennessee","County 1742","DEMOCRAT",6040
2024,"Texas","County 1743","REPUBLICAN",4835
2024,"Texas","County 1743","DEMOCRAT",1206
2024,"Utah","County 1744","REPUBLICAN",6281
2024,"Utah","County 1744","DEMOCRAT",616
2024,"Vermont","County 1745","REPUBLICAN",9088
2024,"Vermont","County 1745","DEMOCRAT",2335
2024,"Virginia","County 1746","REPUBLICAN",2025
2024,"Virginia","County 1746","DEMOCRAT",1984
2024,"Washington","County 1747","REPUBLICAN",1609
2024,"Washington","County 1747","DEMOCRAT",5324
2024,"West Virginia","County 1748","REPUBLICAN",10694
2024,"West Virginia","County 1748","DEMOCRAT",7251
2024,"Wisconsin","County 1749","REPUBLICAN",2076
2024,"Wisconsin","County 1749","DEMOCRAT",1522
2024,"Wyoming","County 1750","REPUBLICAN",3744
2024,"Wyoming","County 1750","DEMOCRAT",1492
2024,"Alabama","County 1751","REPUBLICAN",1332
2024,"Alabama","County 1751","DEMOCRAT",952
2024,"Alaska","County 1752","REPUBLICAN",10657
2024,"Alaska","County 1752","DEMOCRAT",2849
2024,"Arizona","County 1753","REPUBLICAN",2032
2024,"Arizona","County 1753","DEMOCRAT",1455
2024,"Arkansas","County 1754","REPUBLICAN",30364
2024,"Arkansas","County 1754","DEMOCRAT",17841
2024,"California","County 1755","REPUBLICAN",12579
2024,"California","County 1755","DEMOCRAT",6794
2024,"Colorado","County 1756","REPUBLICAN",7788
2024,"Colorado","County 1756","DEMOCRAT",1734
2024,"Connecticut","County 1757","REPUBLICAN",10956
2024,"Connecticut","County 1757","DEMOCRAT",13198
2024,"Delaware","County 1758","REPUBLICAN",37518
2024,"Delaware","County 1758","DEMOCRAT",37478
2024,"Florida","County 1759","REPUBLICAN",631
2024,"Florida","County 1759","DEMOCRAT",1890
2024,"Georgia","County 1760","REPUBLICAN",4208
2024,"Georgia","County 1760","DEMOCRAT",8002
2024,"Hawaii","County 1761","REPUBLICAN",22531
2024,"Hawaii","County 1761","DEMOCRAT",7920
2024,"Idaho","County 1762","REPUBLICAN",49673
2024,"Idaho","County 1762","DEMOCRAT",17054
2024,"Illinois","County 1763","REPUBLICAN",2803
2024,"Illinois","County 1763","DEMOCRAT",6186
2024,"Indiana","County 1764","REPUBLICAN",2676
2024,"Indiana","County 1764","DEMOCRAT",6430
2024,"Iowa","County 1765","REPUBLICAN",1554
2024,"Iowa","County 1765","DEMOCRAT",610
2024,"Kansas","County 1766","REPUBLICAN",3972
2024,"Kansas","County 1766","DEMOCRAT",1109
2024,"Kentucky","County 1767","REPUBLICAN",3382
2024,"Kentucky","County 1767","DEMOCRAT",1919
2024,"Louisiana","County 1768","REPUBLICAN",9758
2024,"Louisiana","County 1768","DEMOCRAT",12596
2024,"Maine","County 1769","REPUBLICAN",849
2024,"Maine","County 1769","DEMOCRAT",472
2024,"Maryland","County 1770","REPUBLICAN",831
2024,"Maryland","County 1770","DEMOCRAT",351
2024,"Massachusetts","County 1771","REPUBLICAN",3814
2024,"Massachusetts","County 1771","DEMOCRAT",1205
2024,"Michigan","County 1772","REPUBLICAN",2130
2024,"Michigan","County 1772","DEMOCRAT",8317
2024,"Minnesota","County 1773","REPUBLICAN",17546
2024,"Minnesota","County 1773","DEMOCRAT",10083
2024,"Mississippi","County 1774","REPUBLICAN",3990
2024,"Mississippi","County 1774","DEMOCRAT",2262
2024,"Missouri","County 1775","REPUBLICAN",2344
2024,"Missouri","County 1775","DEMOCRAT",2691
2024,"Montana","County 1776","REPUBLICAN",8335
2024,"Montana","County 1776","DEMOCRAT",5845
2024,"Nebraska","County 1777","REPUBLICAN",8916
2024,"Nebraska","County 1777","DEMOCRAT",3032
2024,"Nevada","County 1778","REPUBLICAN",89185
2024,"Nevada","County 1778","DEMOCRAT",15849
2024,"New Hampshire","County 1779","REPUBLICAN",2010
2024,"New Hampshire","County 1779","DEMOCRAT",1830
2024,"New Jersey","County 1780","REPUBLICAN",1440
2024,"New Jersey","County 1780","DEMOCRAT",390
2024,"New Mexico","County 1781","REPUBLICAN",9955
2024,"New Mexico","County 1781","DEMOCRAT",5433
2024,"New York","County 1782","REPUBLICAN",16543
2024,"New York","County 1782","DEMOCRAT",13875
2024,"North Carolina","County 1783","REPUBLICAN",32088
2024,"North Carolina","County 1783","DEMOCRAT",26221
2024,"North Dakota","County 1784","REPUBLICAN",5979
2024,"North Dakota","County 1784","DEMOCRAT",2182
2024,"Ohio","County 1785","REPUBLICAN",909
2024,"Ohio","County 1785","DEMOCRAT",1168
2024,"Oklahoma","County 1786","REPUBLICAN",4058
2024,"Oklahoma","County 1786","DEMOCRAT",1450
2024,"Oregon","County 1787","REPUBLICAN",1553
2024,"Oregon","County 1787","DEMOCRAT",656
2024,"Pennsylvania","County 1788","REPUBLICAN",15053
2024,"Pennsylvania","County 1788","DEMOCRAT",6738
2024,"Rhode Island","County 1789","REPUBLICAN",2537
2024,"Rhode Island","County 1789","DEMOCRAT",1613
2024,"South Carolina","County 1790","REPUBLICAN",7083
2024,"South Carolina","County 1790","DEMOCRAT",2984
2024,"South Dakota","County 1791","REPUBLICAN",5661
2024,"South Dakota","County 1791","DEMOCRAT",4033
2024,"Tennessee","County 1792","REPUBLICAN",12647
2024,"Tennessee","County 1792","DEMOCRAT",6757
2024,"Texas","County 1793","REPUBLICAN",3420
2024,"Texas","County 1793","DEMOCRAT",2954
2024,"Utah","County 1794","REPUBLICAN",3904
2024,"Utah","County 1794","DEMOCRAT",1603
2024,"Vermont","County 1795","REPUBLICAN",7224
2024,"Vermont","County 1795","DEMOCRAT",3181
2024,"Virginia","County 1796","REPUBLICAN",2355
2024,"Virginia","County 1796","DEMOCRAT",2997
2024,"Washington","County 1797","REPUBLICAN",1471
2024,"Washington","County 1797","DEMOCRAT",1214
2024,"West Virginia","County 1798","REPUBLICAN",6272
2024,"West Virginia","County 1798","DEMOCRAT",6285
2024,"Wisconsin","County 1799","REPUBLICAN",953
2024,"Wisconsin","County 1799","DEMOCRAT",855
2024,"Wyoming","County 1800","REPUBLICAN",52109
2024,"Wyoming","County 1800","DEMOCRAT",30496
2024,"Alabama","County 1801","REPUBLICAN",4885
2024,"Alabama","County 1801","DEMOCRAT",1009
2024,"Alaska","County 1802","REPUBLICAN",2667
2024,"Alaska","County 1802","DEMOCRAT",2083
2024,"Arizona","County 1803","REPUBLICAN",2209
2024,"Arizona","County 1803","DEMOCRAT",1308
2024,"Arkansas","County 1804","REPUBLICAN",37631
2024,"Arkansas","County 1804","DEMOCRAT",13866
2024,"California","County 1805","REPUBLICAN",10637
2024,"California","County 1805","DEMOCRAT",7905
2024,"Colorado","County 1806","REPUBLICAN",1619
2024,"Colorado","County 1806","DEMOCRAT",1366
2024,"Connecticut","County 1807","REPUBLICAN",2650
2024,"Connecticut","County 1807","DEMOCRAT",2064
2024,"Delaware","County 1808","REPUBLICAN",4587
2024,"Delaware","County 1808","DEMOCRAT",3323
2024,"Florida","County 1809","REPUBLICAN",20839
2024,"Florida","County 1809","DEMOCRAT",9951
2024,"Georgia","County 1810","REPUBLICAN",2240
2024,"Georgia","County 1810","DEMOCRAT",986
2024,"Hawaii","County 1811","REPUBLICAN",723
2024,"Hawaii","County 1811","DEMOCRAT",1133
2024,"Idaho","County 1812","REPUBLICAN",18434
2024,"Idaho","County 1812","DEMOCRAT",7557
2024,"Illinois","County 1813","REPUBLICAN",1235
2024,"Illinois","County 1813","DEMOCRAT",198
2024,"Indiana","County 1814","REPUBLICAN",5594
2024,"Indiana","County 1814","DEMOCRAT",2003
2024,"Iowa","County 1815","REPUBLICAN",6119
2024,"Iowa","County 1815","DEMOCRAT",4156
2024,"Kansas","County 1816","REPUBLICAN",1777
2024,"Kansas","County 1816","DEMOCRAT",2131
2024,"Kentucky","County 1817","REPUBLICAN",464
2024,"Kentucky","County 1817","DEMOCRAT",305
2024,"Louisiana","County 1818","REPUBLICAN",28199
2024,"Louisiana","County 1818","DEMOCRAT",14439
2024,"Maine","County 1819","REPUBLICAN",4334
2024,"Maine","County 1819","DEMOCRAT",1531
2024,"Maryland","County 1820","REPUBLICAN",7989
2024,"Maryland","County 1820","DEMOCRAT",2416
2024,"Massachusetts","County 1821","REPUBLICAN",1871
2024,"Massachusetts","County 1821","DEMOCRAT",361
2024,"Michigan","County 1822","REPUBLICAN",13631
2024,"Michigan","County 1822","DEMOCRAT",5762
2024,"Minnesota","County 1823","REPUBLICAN",23709
2024,"Minnesota","County 1823","DEMOCRAT",3993
2024,"Mississippi","County 1824","REPUBLICAN",1035
2024,"Mississippi","County 1824","DEMOCRAT",1720
2024,"Missouri","County 1825","REPUBLICAN",4382
2024,"Missouri","County 1825","DEMOCRAT",2983
2024,"Montana","County 1826","REPUBLICAN",646
2024,"Montana","County 1826","DEMOCRAT",309
2024,"Nebraska","County 1827","REPUBLICAN",789
2024,"Nebraska","County 1827","DEMOCRAT",1396
2024,"Nevada","County 1828","REPUBLICAN",2094
2024,"Nevada","County 1828","DEMOCRAT",437
2024,"New Hampshire","County 1829","REPUBLICAN",14754
2024,"New Hampshire","County 1829","DEMOCRAT",13055
2024,"New Jersey","County 1830","REPUBLICAN",3164
2024,"New Jersey","County 1830","DEMOCRAT",3307
2024,"New Mexico","County 1831","REPUBLICAN",35572
2024,"New Mexico","County 1831","DEMOCRAT",21251
2024,"New York","County 1832","REPUBLICAN",3935
2024,"New York","County 1832","DEMOCRAT",3404
2024,"North Carolina","County 1833","REPUBLICAN",28195
2024,"North Carolina","County 1833","DEMOCRAT",3607
2024,"North Dakota","County 1834","REPUBLICAN",5210
2024,"North Dakota","County 1834","DEMOCRAT",3104
2024,"Ohio","County 1835","REPUBLICAN",11341
2024,"Ohio","County 1835","DEMOCRAT",7899
2024,"Oklahoma","County 1836","REPUBLICAN",12945
2024,"Oklahoma","County 1836","DEMOCRAT",3843
2024,"Oregon","County 1837","REPUBLICAN",63939
2024,"Oregon","County 1837","DEMOCRAT",28152
2024,"Pennsylvania","County 1838","REPUBLICAN",927
2024,"Pennsylvania","County 1838","DEMOCRAT",419
2024,"Rhode Island","County 1839","REPUBLICAN",11240
2024,"Rhode Island","County 1839","DEMOCRAT",2921
2024,"South Carolina","County 1840","REPUBLICAN",616
2024,"South Carolina","County 1840","DEMOCRAT",394
2024,"South Dakota","County 1841","REPUBLICAN",367
2024,"South Dakota","County 1841","DEMOCRAT",366
2024,"Tennessee","County 1842","REPUBLICAN",456
2024,"Tennessee","County 1842","DEMOCRAT",222
2024,"Texas","County 1843","REPUBLICAN",712
2024,"Texas","County 1843","DEMOCRAT",507
2024,"Utah","County 1844","REPUBLICAN",460
2024,"Utah","County 1844","DEMOCRAT",417
2024,"Vermont","County 1845","REPUBLICAN",3820
2024,"Vermont","County 1845","DEMOCRAT",4375
2024,"Virginia","County 1846","REPUBLICAN",9588
2024,"Virginia","County 1846","DEMOCRAT",20332
2024,"Washington","County 1847","REPUBLICAN",9936
2024,"Washington","County 1847","DEMOCRAT",25203
2024,"West Virginia","County 1848","REPUBLICAN",17994
2024,"West Virginia","County 1848","DEMOCRAT",13582
2024,"Wisconsin","County 1849","REPUBLICAN",3878
2024,"Wisconsin","County 1849","DEMOCRAT",1122
2024,"Wyoming","County 1850","REPUBLICAN",5337
2024,"Wyoming","County 1850","DEMOCRAT",4797
2024,"Alabama","County 1851","REPUBLICAN",8723
2024,"Alabama","County 1851","DEMOCRAT",1657
2024,"Alaska","County 1852","REPUBLICAN",6417
2024,"Alaska","County 1852","DEMOCRAT",2692
2024,"Arizona","County 1853","REPUBLICAN",878
2024,"Arizona","County 1853","DEMOCRAT",562
2024,"Arkansas","County 1854","REPUBLICAN",12811
2024,"Arkansas","County 1854","DEMOCRAT",3679
2024,"California","County 1855","REPUBLICAN",9117
2024,"California","County 1855","DEMOCRAT",3816
2024,"Colorado","County 1856","REPUBLICAN",3978
2024,"Colorado","County 1856","DEMOCRAT",947
2024,"Connecticut","County 1857","REPUBLICAN",12262
2024,"Connecticut","County 1857","DEMOCRAT",11315
2024,"Delaware","County 1858","REPUBLICAN",7177
2024,"Delaware","County 1858","DEMOCRAT",13104
2024,"Florida","County 1859","REPUBLICAN",13530
2024,"Florida","County 1859","DEMOCRAT",20431
2024,"Georgia","County 1860","REPUBLICAN",5790
2024,"Georgia","County 1860","DEMOCRAT",4819
2024,"Hawaii","County 1861","REPUBLICAN",17683
2024,"Hawaii","County 1861","DEMOCRAT",4077
2024,"Idaho","County 1862","REPUBLICAN",5172
2024,"Idaho","County 1862","DEMOCRAT",1150
2024,"Illinois","County 1863","REPUBLICAN",10114
2024,"Illinois","County 1863","DEMOCRAT",3881
2024,"Indiana","County 1864","REPUBLICAN",2195
2024,"Indiana","County 1864","DEMOCRAT",1046
2024,"Iowa","County 1865","REPUBLICAN",1077
2024,"Iowa","County 1865","DEMOCRAT",207
2024,"Kansas","County 1866","REPUBLICAN",42515
2024,"Kansas","County 1866","DEMOCRAT",10793
2024,"Kentucky","County 1867","REPUBLICAN",1460
2024,"Kentucky","County 1867","DEMOCRAT",724
2024,"Louisiana","County 1868","REPUBLICAN",5551
2024,"Louisiana","County 1868","DEMOCRAT",1908
2024,"Maine","County 1869","REPUBLICAN",5471
2024,"Maine","County 1869","DEMOCRAT",3439
2024,"Maryland","County 1870","REPUBLICAN",1428
2024,"Maryland","County 1870","DEMOCRAT",699
2024,"Massachusetts","County 1871","REPUBLICAN",16500
2024,"Massachusetts","County 1871","DEMOCRAT",8960
2024,"Michigan","County 1872","REPUBLICAN",6661
2024,"Michigan","County 1872","DEMOCRAT",4527
2024,"Minnesota","County 1873","REPUBLICAN",7637
2024,"Minnesota","County 1873","DEMOCRAT",6068
2024,"Mississippi","County 1874","REPUBLICAN",1395
2024,"Mississippi","County 1874","DEMOCRAT",1245
2024,"Missouri","County 1875","REPUBLICAN",9008
2024,"Missouri","County 1875","DEMOCRAT",8600
2024,"Montana","County 1876","REPUBLICAN",7348
2024,"Montana","County 1876","DEMOCRAT",1511
2024,"Nebraska","County 1877","REPUBLICAN",2962
2024,"Nebraska","County 1877","DEMOCRAT",7609
2024,"Nevada","County 1878","REPUBLICAN",4730
2024,"Nevada","County 1878","DEMOCRAT",9681
2024,"New Hampshire","County 1879","REPUBLICAN",47940
2024,"New Hampshire","County 1879","DEMOCRAT",58818
2024,"New Jersey","County 1880","REPUBLICAN",2950
2024,"New Jersey","County 1880","DEMOCRAT",1106
2024,"New Mexico","County 1881","REPUBLICAN",1084
2024,"New Mexico","County 1881","DEMOCRAT",853
2024,"New York","County 1882","REPUBLICAN",11168
2024,"New York","County 1882","DEMOCRAT",5188
2024,"North Carolina","County 1883","REPUBLICAN",3904
2024,"North Carolina","County 1883","DEMOCRAT",952
2024,"North Dakota","County 1884","REPUBLICAN",45709
2024,"North Dakota","County 1884","DEMOCRAT",27712
2024,"Ohio","County 1885","REPUBLICAN",3862
2024,"Ohio","County 1885","DEMOCRAT",1978
2024,"Oklahoma","County 1886","REPUBLICAN",9513
2024,"Oklahoma","County 1886","DEMOCRAT",9197
2024,"Oregon","County 1887","REPUBLICAN",2207
2024,"Oregon","County 1887","DEMOCRAT",3517
2024,"Pennsylvania","County 1888","REPUBLICAN",768
2024,"Pennsylvania","County 1888","DEMOCRAT",393
2024,"Rhode Island","County 1889","REPUBLICAN",5087
2024,"Rhode Island","County 1889","DEMOCRAT",2783
2024,"South Carolina","County 1890","REPUBLICAN",5462
2024,"South Carolina","County 1890","DEMOCRAT",4274
2024,"South Dakota","County 1891","REPUBLICAN",23620
2024,"South Dakota","County 1891","DEMOCRAT",23015
2024,"Tennessee","County 1892","REPUBLICAN",435
2024,"Tennessee","County 1892","DEMOCRAT",196
2024,"Texas","County 1893","REPUBLICAN",3141
2024,"Texas","County 1893","DEMOCRAT",2411
2024,"Utah","County 1894","REPUBLICAN",1777
2024,"Utah","County 1894","DEMOCRAT",802
2024,"Vermont","County 1895","REPUBLICAN",2542
2024,"Vermont","County 1895","DEMOCRAT",1257
2024,"Virginia","County 1896","REPUBLICAN",1661
2024,"Virginia","County 1896","DEMOCRAT",344
2024,"Washington","County 1897","REPUBLICAN",7168
2024,"Washington","County 1897","DEMOCRAT",8871
2024,"West Virginia","County 1898","REPUBLICAN",933
2024,"West Virginia","County 1898","DEMOCRAT",575
2024,"Wisconsin","County 1899","REPUBLICAN",3152
2024,"Wisconsin","County 1899","DEMOCRAT",3646
2024,"Wyoming","County 1900","REPUBLICAN",11752
2024,"Wyoming","County 1900","DEMOCRAT",3949
2024,"Alabama","County 1901","REPUBLICAN",8651
2024,"Alabama","County 1901","DEMOCRAT",9668
2024,"Alaska","County 1902","REPUBLICAN",8844
2024,"Alaska","County 1902","DEMOCRAT",18314
2024,"Arizona","County 1903","REPUBLICAN",1248
2024,"Arizona","County 1903","DEMOCRAT",899
2024,"Arkansas","County 1904","REPUBLICAN",22006
2024,"Arkansas","County 1904","DEMOCRAT",12756
2024,"California","County 1905","REPUBLICAN",2229
2024,"California","County 1905","DEMOCRAT",2374
2024,"Colorado","County 1906","REPUBLICAN",8569
2024,"Colorado","County 1906","DEMOCRAT",1927
2024,"Connecticut","County 1907","REPUBLICAN",13253
2024,"Connecticut","County 1907","DEMOCRAT",4050
2024,"Delaware","County 1908","REPUBLICAN",1442
2024,"Delaware","County 1908","DEMOCRAT",1859
2024,"Florida","County 1909","REPUBLICAN",66545
2024,"Florida","County 1909","DEMOCRAT",15824
2024,"Georgia","County 1910","REPUBLICAN",4529
2024,"Georgia","County 1910","DEMOCRAT",6143
2024,"Hawaii","County 1911","REPUBLICAN",50761
2024,"Hawaii","County 1911","DEMOCRAT",44504
2024,"Idaho","County 1912","REPUBLICAN",4083
2024,"Idaho","County 1912","DEMOCRAT",1929
2024,"Illinois","County 1913","REPUBLICAN",1653
2024,"Illinois","County 1913","DEMOCRAT",1946
2024,"Indiana","County 1914","REPUBLICAN",13184
2024,"Indiana","County 1914","DEMOCRAT",4499
2024,"Iowa","County 1915","REPUBLICAN",7153
2024,"Iowa","County 1915","DEMOCRAT",8466
2024,"Kansas","County 1916","REPUBLICAN",26891
2024,"Kansas","County 1916","DEMOCRAT",10509
2024,"Kentucky","County 1917","REPUBLICAN",9042
2024,"Kentucky","County 1917","DEMOCRAT",5330
2024,"Louisiana","County 1918","REPUBLICAN",3791
2024,"Louisiana","County 1918","DEMOCRAT",6875
2024,"Maine","County 1919","REPUBLICAN",976
2024,"Maine","County 1919","DEMOCRAT",766
2024,"Maryland","County 1920","REPUBLICAN",2578
2024,"Maryland","County 1920","DEMOCRAT",2429
2024,"Massachusetts","County 1921","REPUBLICAN",1383
2024,"Massachusetts","County 1921","DEMOCRAT",373
2024,"Michigan","County 1922","REPUBLICAN",14862
2024,"Michigan","County 1922","DEMOCRAT",11197
2024,"Minnesota","County 1923","REPUBLICAN",840
2024,"Minnesota","County 1923","DEMOCRAT",1100
2024,"Mississippi","County 1924","REPUBLICAN",2031
2024,"Mississippi","County 1924","DEMOCRAT",1126
2024,"Missouri","County 1925","REPUBLICAN",5723
2024,"Missouri","County 1925","DEMOCRAT",2426
2024,"Montana","County 1926","REPUBLICAN",765
2024,"Montana","County 1926","DEMOCRAT",230
2024,"Nebraska","County 1927","REPUBLICAN",104611
2024,"Nebraska","County 1927","DEMOCRAT",84209
2024,"Nevada","County 1928","REPUBLICAN",10389
2024,"Nevada","County 1928","DEMOCRAT",2063
2024,"New Hampshire","County 1929","REPUBLICAN",2790
2024,"New Hampshire","County 1929","DEMOCRAT",6501
2024,"New Jersey","County 1930","REPUBLICAN",1434
2024,"New Jersey","County 1930","DEMOCRAT",756
2024,"New Mexico","County 1931","REPUBLICAN",4544
2024,"New Mexico","County 1931","DEMOCRAT",5097
2024,"New York","County 1932","REPUBLICAN",9569
2024,"New York","County 1932","DEMOCRAT",5424
2024,"North Carolina","County 1933","REPUBLICAN",2161
2024,"North Carolina","County 1933","DEMOCRAT",1238
2024,"North Dakota","County 1934","REPUBLICAN",2163
2024,"North Dakota","County 1934","DEMOCRAT",712
2024,"Ohio","County 1935","REPUBLICAN",1428
2024,"Ohio","County 1935","DEMOCRAT",665
2024,"Oklahoma","County 1936","REPUBLICAN",7153
2024,"Oklahoma","County 1936","DEMOCRAT",2667
2024,"Oregon","County 1937","REPUBLICAN",949
2024,"Oregon","County 1937","DEMOCRAT",621
2024,"Pennsylvania","County 1938","REPUBLICAN",7279
2024,"Pennsylvania","County 1938","DEMOCRAT",2831
2024,"Rhode Island","County 1939","REPUBLICAN",39613
2024,"Rhode Island","County 1939","DEMOCRAT",34110
2024,"South Carolina","County 1940","REPUBLICAN",20845
2024,"South Carolina","County 1940","DEMOCRAT",25823
2024,"South Dakota","County 1941","REPUBLICAN",1237
2024,"South Dakota","County 1941","DEMOCRAT",1076
2024,"Tennessee","County 1942","REPUBLICAN",20854
2024,"Tennessee","County 1942","DEMOCRAT",8848
2024,"Texas","County 1943","REPUBLICAN",13069
2024,"Texas","County 1943","DEMOCRAT",7516
2024,"Utah","County 1944","REPUBLICAN",26068
2024,"Utah","County 1944","DEMOCRAT",14011
2024,"Vermont","County 1945","REPUBLICAN",1967
2024,"Vermont","County 1945","DEMOCRAT",1566
2024,"Virginia","County 1946","REPUBLICAN",13859
2024,"Virginia","County 1946","DEMOCRAT",6923
2024,"Washington","County 1947","REPUBLICAN",10486
2024,"Washington","County 1947","DEMOCRAT",2592
2024,"West Virginia","County 1948","REPUBLICAN",3147
2024,"West Virginia","County 1948","DEMOCRAT",2272
2024,"Wisconsin","County 1949","REPUBLICAN",6403
2024,"Wisconsin","County 1949","DEMOCRAT",2541
2024,"Wyoming","County 1950","REPUBLICAN",2390
2024,"Wyoming","County 1950","DEMOCRAT",4122
2024,"Alabama","County 1951","REPUBLICAN",1466
2024,"Alabama","County 1951","DEMOCRAT",426
2024,"Alaska","County 1952","REPUBLICAN",46492
2024,"Alaska","County 1952","DEMOCRAT",18187
2024,"Arizona","County 1953","REPUBLICAN",17602
2024,"Arizona","County 1953","DEMOCRAT",13379
2024,"Arkansas","County 1954","REPUBLICAN",4169
2024,"Arkansas","County 1954","DEMOCRAT",1755
2024,"California","County 1955","REPUBLICAN",11471
2024,"California","County 1955","DEMOCRAT",6182
2024,"Colorado","County 1956","REPUBLICAN",11442
2024,"Colorado","County 1956","DEMOCRAT",6728
2024,"Connecticut","County 1957","REPUBLICAN",5947
2024,"Connecticut","County 1957","DEMOCRAT",5249
2024,"Delaware","County 1958","REPUBLICAN",7104
2024,"Delaware","County 1958","DEMOCRAT",3842
2024,"Florida","County 1959","REPUBLICAN",888
2024,"Florida","County 1959","DEMOCRAT",317
2024,"Georgia","County 1960","REPUBLICAN",700
2024,"Georgia","County 1960","DEMOCRAT",198
2024,"Hawaii","County 1961","REPUBLICAN",423
2024,"Hawaii","County 1961","DEMOCRAT",137
2024,"Idaho","County 1962","REPUBLICAN",21884
2024,"Idaho","County 1962","DEMOCRAT",7304
2024,"Illinois","County 1963","REPUBLICAN",1273
2024,"Illinois","County 1963","DEMOCRAT",846
2024,"Indiana","County 1964","REPUBLICAN",9015
2024,"Indiana","County 1964","DEMOCRAT",3393
2024,"Iowa","County 1965","REPUBLICAN",18135
2024,"Iowa","County 1965","DEMOCRAT",27714
2024,"Kansas","County 1966","REPUBLICAN",5005
2024,"Kansas","County 1966","DEMOCRAT",3876
2024,"Kentucky","County 1967","REPUBLICAN",888
2024,"Kentucky","County 1967","DEMOCRAT",460
2024,"Louisiana","County 1968","REPUBLICAN",3083
2024,"Louisiana","County 1968","DEMOCRAT",4248
2024,"Maine","County 1969","REPUBLICAN",3122
2024,"Maine","County 1969","DEMOCRAT",1144
2024,"Maryland","County 1970","REPUBLICAN",2406
2024,"Maryland","County 1970","DEMOCRAT",735
2024,"Massachusetts","County 1971","REPUBLICAN",7966
2024,"Massachusetts","County 1971","DEMOCRAT",5698
2024,"Michigan","County 1972","REPUBLICAN",641
2024,"Michigan","County 1972","DEMOCRAT",197
2024,"Minnesota","County 1973","REPUBLICAN",32799
2024,"Minnesota","County 1973","DEMOCRAT",22293
2024,"Mississippi","County 1974","REPUBLICAN",3503
2024,"Mississippi","County 1974","DEMOCRAT",2018
2024,"Missouri","County 1975","REPUBLICAN",1634
2024,"Missouri","County 1975","DEMOCRAT",557
2024,"Montana","County 1976","REPUBLICAN",11820
2024,"Montana","County 1976","DEMOCRAT",15304
2024,"Nebraska","County 1977","REPUBLICAN",18400
2024,"Nebraska","County 1977","DEMOCRAT",16383
2024,"Nevada","County 1978","REPUBLICAN",1793
2024,"Nevada","County 1978","DEMOCRAT",216
2024,"New Hampshire","County 1979","REPUBLICAN",1867
2024,"New Hampshire","County 1979","DEMOCRAT",1150
2024,"New Jersey","County 1980","REPUBLICAN",2255
2024,"New Jersey","County 1980","DEMOCRAT",2964
2024,"New Mexico","County 1981","REPUBLICAN",26370
2024,"New Mexico","County 1981","DEMOCRAT",9203
2024,"New York","County 1982","REPUBLICAN",12868
2024,"New York","County 1982","DEMOCRAT",4760
2024,"North Carolina","County 1983","REPUBLICAN",326
2024,"North Carolina","County 1983","DEMOCRAT",307
2024,"North Dakota","County 1984","REPUBLICAN",6823
2024,"North Dakota","County 1984","DEMOCRAT",1673
2024,"Ohio","County 1985","REPUBLICAN",4362
2024,"Ohio","County 1985","DEMOCRAT",2662
2024,"Oklahoma","County 1986","REPUBLICAN",37264
2024,"Oklahoma","County 1986","DEMOCRAT",18912
2024,"Oregon","County 1987","REPUBLICAN",1391
2024,"Oregon","County 1987","DEMOCRAT",1961
2024,"Pennsylvania","County 1988","REPUBLICAN",4625
2024,"Pennsylvania","County 1988","DEMOCRAT",3177
2024,"Rhode Island","County 1989","REPUBLICAN",9487
2024,"Rhode Island","County 1989","DEMOCRAT",3195
2024,"South Carolina","County 1990","REPUBLICAN",11625
2024,"South Carolina","County 1990","DEMOCRAT",1894
2024,"South Dakota","County 1991","REPUBLICAN",4822
2024,"South Dakota","County 1991","DEMOCRAT",2627
2024,"Tennessee","County 1992","REPUBLICAN",26876
2024,"Tennessee","County 1992","DEMOCRAT",9684
2024,"Texas","County 1993","REPUBLICAN",50878
2024,"Texas","County 1993","DEMOCRAT",22623
2024,"Utah","County 1994","REPUBLICAN",2774
2024,"Utah","County 1994","DEMOCRAT",3451
2024,"Vermont","County 1995","REPUBLICAN",4413
2024,"Vermont","County 1995","DEMOCRAT",4849
2024,"Virginia","County 1996","REPUBLICAN",35654
2024,"Virginia","County 1996","DEMOCRAT",32672
2024,"Washington","County 1997","REPUBLICAN",8834
2024,"Washington","County 1997","DEMOCRAT",4242
2024,"West Virginia","County 1998","REPUBLICAN",1900
2024,"West Virginia","County 1998","DEMOCRAT",1849
2024,"Wisconsin","County 1999","REPUBLICAN",1934
2024,"Wisconsin","County 1999","DEMOCRAT",1168
2024,"Wyoming","County 2000","REPUBLICAN",676
2024,"Wyoming","County 2000","DEMOCRAT",585
2024,"Alabama","County 2001","REPUBLICAN",9041
2024,"Alabama","County 2001","DEMOCRAT",3340
2024,"Alaska","County 2002","REPUBLICAN",2022
2024,"Alaska","County 2002","DEMOCRAT",1118
2024,"Arizona","County 2003","REPUBLICAN",6053
2024,"Arizona","County 2003","DEMOCRAT",5196
2024,"Arkansas","County 2004","REPUBLICAN",18415
2024,"Arkansas","County 2004","DEMOCRAT",13246
2024,"California","County 2005","REPUBLICAN",3973
2024,"California","County 2005","DEMOCRAT",487
2024,"Colorado","County 2006","REPUBLICAN",561
2024,"Colorado","County 2006","DEMOCRAT",172
2024,"Connecticut","County 2007","REPUBLICAN",1693
2024,"Connecticut","County 2007","DEMOCRAT",891
2024,"Delaware","County 2008","REPUBLICAN",7891
2024,"Delaware","County 2008","DEMOCRAT",3541
2024,"Florida","County 2009","REPUBLICAN",3821
2024,"Florida","County 2009","DEMOCRAT",2069
2024,"Georgia","County 2010","REPUBLICAN",5126
2024,"Georgia","County 2010","DEMOCRAT",2773
2024,"Hawaii","County 2011","REPUBLICAN",2331
2024,"Hawaii","County 2011","DEMOCRAT",2508
2024,"Idaho","County 2012","REPUBLICAN",8235
2024,"Idaho","County 2012","DEMOCRAT",2137
2024,"Illinois","County 2013","REPUBLICAN",6312
2024,"Illinois","County 2013","DEMOCRAT",2868
2024,"Indiana","County 2014","REPUBLICAN",9045
2024,"Indiana","County 2014","DEMOCRAT",3704
2024,"Iowa","County 2015","REPUBLICAN",39648
2024,"Iowa","County 2015","DEMOCRAT",13105
2024,"Kansas","County 2016","REPUBLICAN",4572
2024,"Kansas","County 2016","DEMOCRAT",958
2024,"Kentucky","County 2017","REPUBLICAN",6950
2024,"Kentucky","County 2017","DEMOCRAT",24247
2024,"Louisiana","County 2018","REPUBLICAN",1205
2024,"Louisiana","County 2018","DEMOCRAT",521
2024,"Maine","County 2019","REPUBLICAN",37945
2024,"Maine","County 2019","DEMOCRAT",16121
2024,"Maryland","County 2020","REPUBLICAN",4576
2024,"Maryland","County 2020","DEMOCRAT",5892
2024,"Massachusetts","County 2021","REPUBLICAN",12015
2024,"Massachusetts","County 2021","DEMOCRAT",16276
2024,"Michigan","County 2022","REPUBLICAN",1699
2024,"Michigan","County 2022","DEMOCRAT",1200
2024,"Minnesota","County 2023","REPUBLICAN",4811
2024,"Minnesota","County 2023","DEMOCRAT",4247
2024,"Mississippi","County 2024","REPUBLICAN",1325
2024,"Mississippi","County 2024","DEMOCRAT",1484
2024,"Missouri","County 2025","REPUBLICAN",7469
2024,"Missouri","County 2025","DEMOCRAT",5929
2024,"Montana","County 2026","REPUBLICAN",5150
2024,"Montana","County 2026","DEMOCRAT",7226
2024,"Nebraska","County 2027","REPUBLICAN",125435
2024,"Nebraska","County 2027","DEMOCRAT",155820
2024,"Nevada","County 2028","REPUBLICAN",66674
2024,"Nevada","County 2028","DEMOCRAT",38592
2024,"New Hampshire","County 2029","REPUBLICAN",38419
2024,"New Hampshire","County 2029","DEMOCRAT",16262
2024,"New Jersey","County 2030","REPUBLICAN",4143
2024,"New Jersey","County 2030","DEMOCRAT",1246
2024,"New Mexico","County 2031","REPUBLICAN",78767
2024,"New Mexico","County 2031","DEMOCRAT",65544
2024,"New York","County 2032","REPUBLICAN",2696
2024,"New York","County 2032","DEMOCRAT",2793
2024,"North Carolina","County 2033","REPUBLICAN",9002
2024,"North Carolina","County 2033","DEMOCRAT",6583
2024,"North Dakota","County 2034","REPUBLICAN",16530
2024,"North Dakota","County 2034","DEMOCRAT",10534
2024,"Ohio","County 2035","REPUBLICAN",8738
2024,"Ohio","County 2035","DEMOCRAT",5483
2024,"Oklahoma","County 2036","REPUBLICAN",3872
2024,"Oklahoma","County 2036","DEMOCRAT",1457
2024,"Oregon","County 2037","REPUBLICAN",3316
2024,"Oregon","County 2037","DEMOCRAT",1155
2024,"Pennsylvania","County 2038","REPUBLICAN",21164
2024,"Pennsylvania","County 2038","DEMOCRAT",2834
2024,"Rhode Island","County 2039","REPUBLICAN",11784
2024,"Rhode Island","County 2039","DEMOCRAT",3352
2024,"South Carolina","County 2040","REPUBLICAN",4327
2024,"South Carolina","County 2040","DEMOCRAT",1852
2024,"South Dakota","County 2041","REPUBLICAN",3139
2024,"South Dakota","County 2041","DEMOCRAT",1157
2024,"Tennessee","County 2042","REPUBLICAN",10334
2024,"Tennessee","County 2042","DEMOCRAT",5103
2024,"Texas","County 2043","REPUBLICAN",4292
2024,"Texas","County 2043","DEMOCRAT",1062
2024,"Utah","County 2044","REPUBLICAN",2441
2024,"Utah","County 2044","DEMOCRAT",577
2024,"Vermont","County 2045","REPUBLICAN",5760
2024,"Vermont","County 2045","DEMOCRAT",1464
2024,"Virginia","County 2046","REPUBLICAN",2960
2024,"Virginia","County 2046","DEMOCRAT",2418
2024,"Washington","County 2047","REPUBLICAN",484
2024,"Washington","County 2047","DEMOCRAT",217
2024,"West Virginia","County 2048","REPUBLICAN",734
2024,"West Virginia","County 2048","DEMOCRAT",334
2024,"Wisconsin","County 2049","REPUBLICAN",1087
2024,"Wisconsin","County 2049","DEMOCRAT",550
2024,"Wyoming","County 2050","REPUBLICAN",3053
2024,"Wyoming","County 2050","DEMOCRAT",844
2024,"Alabama","County 2051","REPUBLICAN",5229
2024,"Alabama","County 2051","DEMOCRAT",5550
2024,"Alaska","County 2052","REPUBLICAN",13862
2024,"Alaska","County 2052","DEMOCRAT",4189
2024,"Arizona","County 2053","REPUBLICAN",34611
2024,"Arizona","County 2053","DEMOCRAT",13835
2024,"Arkansas","County 2054","REPUBLICAN",5459
2024,"Arkansas","County 2054","DEMOCRAT",1762
2024,"California","County 2055","REPUBLICAN",23171
2024,"California","County 2055","DEMOCRAT",15687
2024,"Colorado","County 2056","REPUBLICAN",363
2024,"Colorado","County 2056","DEMOCRAT",356
2024,"Connecticut","County 2057","REPUBLICAN",14899
2024,"Connecticut","County 2057","DEMOCRAT",8989
2024,"Delaware","County 2058","REPUBLICAN",784
2024,"Delaware","County 2058","DEMOCRAT",655
2024,"Florida","County 2059","REPUBLICAN",4751
2024,"Florida","County 2059","DEMOCRAT",943
2024,"Georgia","County 2060","REPUBLICAN",13682
2024,"Georgia","County 2060","DEMOCRAT",2785
2024,"Hawaii","County 2061","REPUBLICAN",8115
2024,"Hawaii","County 2061","DEMOCRAT",1102
2024,"Idaho","County 2062","REPUBLICAN",4890
2024,"Idaho","County 2062","DEMOCRAT",1726
2024,"Illinois","County 2063","REPUBLICAN",7136
2024,"Illinois","County 2063","DEMOCRAT",6764
2024,"Indiana","County 2064","REPUBLICAN",217104
2024,"Indiana","County 2064","DEMOCRAT",58262
2024,"Iowa","County 2065","REPUBLICAN",6857
2024,"Iowa","County 2065","DEMOCRAT",2101
2024,"Kansas","County 2066","REPUBLICAN",3922
2024,"Kansas","County 2066","DEMOCRAT",1840
2024,"Kentucky","County 2067","REPUBLICAN",2197
2024,"Kentucky","County 2067","DEMOCRAT",4630
2024,"Louisiana","County 2068","REPUBLICAN",3945
2024,"Louisiana","County 2068","DEMOCRAT",2376
2024,"Maine","County 2069","REPUBLICAN",422
2024,"Maine","County 2069","DEMOCRAT",391
2024,"Maryland","County 2070","REPUBLICAN",1781
2024,"Maryland","County 2070","DEMOCRAT",1176
2024,"Massachusetts","County 2071","REPUBLICAN",3543
2024,"Massachusetts","County 2071","DEMOCRAT",2273
2024,"Michigan","County 2072","REPUBLICAN",7222
2024,"Michigan","County 2072","DEMOCRAT",9080
2024,"Minnesota","County 2073","REPUBLICAN",1299
2024,"Minnesota","County 2073","DEMOCRAT",1629
2024,"Mississippi","County 2074","REPUBLICAN",2741
2024,"Mississippi","County 2074","DEMOCRAT",2179
2024,"Missouri","County 2075","REPUBLICAN",6594
2024,"Missouri","County 2075","DEMOCRAT",1026
2024,"Montana","County 2076","REPUBLICAN",15516
2024,"Montana","County 2076","DEMOCRAT",19380
2024,"Nebraska","County 2077","REPUBLICAN",8396
2024,"Nebraska","County 2077","DEMOCRAT",6756
2024,"Nevada","County 2078","REPUBLICAN",2798
2024,"Nevada","County 2078","DEMOCRAT",1743
2024,"New Hampshire","County 2079","REPUBLICAN",2298
2024,"New Hampshire","County 2079","DEMOCRAT",886
2024,"New Jersey","County 2080","REPUBLICAN",1359
2024,"New Jersey","County 2080","DEMOCRAT",954
2024,"New Mexico","County 2081","REPUBLICAN",1723
2024,"New Mexico","County 2081","DEMOCRAT",253
2024,"New York","County 2082","REPUBLICAN",5892
2024,"New York","County 2082","DEMOCRAT",2534
2024,"North Carolina","County 2083","REPUBLICAN",1383
2024,"North Carolina","County 2083","DEMOCRAT",857
2024,"North Dakota","County 2084","REPUBLICAN",1106
2024,"North Dakota","County 2084","DEMOCRAT",1058
2024,"Ohio","County 2085","REPUBLICAN",10693
2024,"Ohio","County 2085","DEMOCRAT",6923
2024,"Oklahoma","County 2086","REPUBLICAN",1736
2024,"Oklahoma","County 2086","DEMOCRAT",2728
2024,"Oregon","County 2087","REPUBLICAN",36259
2024,"Oregon","County 2087","DEMOCRAT",44430
2024,"Pennsylvania","County 2088","REPUBLICAN",1434
2024,"Pennsylvania","County 2088","DEMOCRAT",631
2024,"Rhode Island","County 2089","REPUBLICAN",1200
2024,"Rhode Island","County 2089","DEMOCRAT",251
2024,"South Carolina","County 2090","REPUBLICAN",7521
2024,"South Carolina","County 2090","DEMOCRAT",2973
2024,"South Dakota","County 2091","REPUBLICAN",518
2024,"South Dakota","County 2091","DEMOCRAT",175
2024,"Tennessee","County 2092","REPUBLICAN",2463
2024,"Tennessee","County 2092","DEMOCRAT",1749
2024,"Texas","County 2093","REPUBLICAN",2697
2024,"Texas","County 2093","DEMOCRAT",798
2024,"Utah","County 2094","REPUBLICAN",45347
2024,"Utah","County 2094","DEMOCRAT",21898
2024,"Vermont","County 2095","REPUBLICAN",822
2024,"Vermont","County 2095","DEMOCRAT",960
2024,"Virginia","County 2096","REPUBLICAN",5226
2024,"Virginia","County 2096","DEMOCRAT",4571
2024,"Washington","County 2097","REPUBLICAN",3248
2024,"Washington","County 2097","DEMOCRAT",851
2024,"West Virginia","County 2098","REPUBLICAN",28937
2024,"West Virginia","County 2098","DEMOCRAT",29128
2024,"Wisconsin","County 2099","REPUBLICAN",11515
2024,"Wisconsin","County 2099","DEMOCRAT",4707
2024,"Wyoming","County 2100","REPUBLICAN",2664
2024,"Wyoming","County 2100","DEMOCRAT",1790
2024,"Alabama","County 2101","REPUBLICAN",43080
2024,"Alabama","County 2101","DEMOCRAT",13794
2024,"Alaska","County 2102","REPUBLICAN",4257
2024,"Alaska","County 2102","DEMOCRAT",2787
2024,"Arizona","County 2103","REPUBLICAN",13796
2024,"Arizona","County 2103","DEMOCRAT",2933
2024,"Arkansas","County 2104","REPUBLICAN",1619
2024,"Arkansas","County 2104","DEMOCRAT",526
2024,"California","County 2105","REPUBLICAN",2851
2024,"California","County 2105","DEMOCRAT",1009
2024,"Colorado","County 2106","REPUBLICAN",5070
2024,"Colorado","County 2106","DEMOCRAT",918
2024,"Connecticut","County 2107","REPUBLICAN",3775
2024,"Connecticut","County 2107","DEMOCRAT",2664
2024,"Delaware","County 2108","REPUBLICAN",97045
2024,"Delaware","County 2108","DEMOCRAT",73400
2024,"Florida","County 2109","REPUBLICAN",589
2024,"Florida","County 2109","DEMOCRAT",200
2024,"Georgia","County 2110","REPUBLICAN",18843
2024,"Georgia","County 2110","DEMOCRAT",15852
2024,"Hawaii","County 2111","REPUBLICAN",194
2024,"Hawaii","County 2111","DEMOCRAT",317
2024,"Idaho","County 2112","REPUBLICAN",8443
2024,"Idaho","County 2112","DEMOCRAT",2324
2024,"Illinois","County 2113","REPUBLICAN",10570
2024,"Illinois","County 2113","DEMOCRAT",4769
2024,"Indiana","County 2114","REPUBLICAN",1366
2024,"Indiana","County 2114","DEMOCRAT",558
2024,"Iowa","County 2115","REPUBLICAN",34891
2024,"Iowa","County 2115","DEMOCRAT",42122
2024,"Kansas","County 2116","REPUBLICAN",8868
2024,"Kansas","County 2116","DEMOCRAT",12436
2024,"Kentucky","County 2117","REPUBLICAN",239
2024,"Kentucky","County 2117","DEMOCRAT",228
2024,"Louisiana","County 2118","REPUBLICAN",4460
2024,"Louisiana","County 2118","DEMOCRAT",1617
2024,"Maine","County 2119","REPUBLICAN",1166
2024,"Maine","County 2119","DEMOCRAT",554
2024,"Maryland","County 2120","REPUBLICAN",4695
2024,"Maryland","County 2120","DEMOCRAT",1611
2024,"Massachusetts","County 2121","REPUBLICAN",3298
2024,"Massachusetts","County 2121","DEMOCRAT",1883
2024,"Michigan","County 2122","REPUBLICAN",2454
2024,"Michigan","County 2122","DEMOCRAT",775
2024,"Minnesota","County 2123","REPUBLICAN",7336
2024,"Minnesota","County 2123","DEMOCRAT",1885
2024,"Mississippi","County 2124","REPUBLICAN",3912
2024,"Mississippi","County 2124","DEMOCRAT",2536
2024,"Missouri","County 2125","REPUBLICAN",1426
2024,"Missouri","County 2125","DEMOCRAT",1664
2024,"Montana","County 2126","REPUBLICAN",53793
2024,"Montana","County 2126","DEMOCRAT",23563
2024,"Nebraska","County 2127","REPUBLICAN",7714
2024,"Nebraska","County 2127","DEMOCRAT",4891
2024,"Nevada","County 2128","REPUBLICAN",25719
2024,"Nevada","County 2128","DEMOCRAT",16008
2024,"New Hampshire","County 2129","REPUBLICAN",8551
2024,"New Hampshire","County 2129","DEMOCRAT",5929
2024,"New Jersey","County 2130","REPUBLICAN",6759
2024,"New Jersey","County 2130","DEMOCRAT",2207
2024,"New Mexico","County 2131","REPUBLICAN",1323
2024,"New Mexico","County 2131","DEMOCRAT",2176
2024,"New York","County 2132","REPUBLICAN",20704
2024,"New York","County 2132","DEMOCRAT",9110
2024,"North Carolina","County 2133","REPUBLICAN",5774
2024,"North Carolina","County 2133","DEMOCRAT",2255
2024,"North Dakota","County 2134","REPUBLICAN",4974
2024,"North Dakota","County 2134","DEMOCRAT",5122
2024,"Ohio","County 2135","REPUBLICAN",8366
2024,"Ohio","County 2135","DEMOCRAT",5292
2024,"Oklahoma","County 2136","REPUBLICAN",14237
2024,"Oklahoma","County 2136","DEMOCRAT",15267
2024,"Oregon","County 2137","REPUBLICAN",18950
2024,"Oregon","County 2137","DEMOCRAT",22170
2024,"Pennsylvania","County 2138","REPUBLICAN",5788
2024,"Pennsylvania","County 2138","DEMOCRAT",1370
2024,"Rhode Island","County 2139","REPUBLICAN",5428
2024,"Rhode Island","County 2139","DEMOCRAT",1355
2024,"South Carolina","County 2140","REPUBLICAN",3023
2024,"South Carolina","County 2140","DEMOCRAT",1668
2024,"South Dakota","County 2141","REPUBLICAN",28508
2024,"South Dakota","County 2141","DEMOCRAT",16832
2024,"Tennessee","County 2142","REPUBLICAN",2430
2024,"Tennessee","County 2142","DEMOCRAT",7330
2024,"Texas","County 2143","REPUBLICAN",4783
2024,"Texas","County 2143","DEMOCRAT",6099
2024,"Utah","County 2144","REPUBLICAN",9583
2024,"Utah","County 2144","DEMOCRAT",3323
2024,"Vermont","County 2145","REPUBLICAN",87543
2024,"Vermont","County 2145","DEMOCRAT",16215
2024,"Virginia","County 2146","REPUBLICAN",9209
2024,"Virginia","County 2146","DEMOCRAT",2557
2024,"Washington","County 2147","REPUBLICAN",5026
2024,"Washington","County 2147","DEMOCRAT",2156
2024,"West Virginia","County 2148","REPUBLICAN",5952
2024,"West Virginia","County 2148","DEMOCRAT",3670
2024,"Wisconsin","County 2149","REPUBLICAN",5520
2024,"Wisconsin","County 2149","DEMOCRAT",8027
2024,"Wyoming","County 2150","REPUBLICAN",11619
2024,"Wyoming","County 2150","DEMOCRAT",4108
2024,"Alabama","County 2151","REPUBLICAN",35830
2024,"Alabama","County 2151","DEMOCRAT",5287
2024,"Alaska","County 2152","REPUBLICAN",8411
2024,"Alaska","County 2152","DEMOCRAT",9366
2024,"Arizona","County 2153","REPUBLICAN",3111
2024,"Arizona","County 2153","DEMOCRAT",1222
2024,"Arkansas","County 2154","REPUBLICAN",3378
2024,"Arkansas","County 2154","DEMOCRAT",3433
2024,"California","County 2155","REPUBLICAN",804
2024,"California","County 2155","DEMOCRAT",135
2024,"Colorado","County 2156","REPUBLICAN",2441
2024,"Colorado","County 2156","DEMOCRAT",924
2024,"Connecticut","County 2157","REPUBLICAN",11178
2024,"Connecticut","County 2157","DEMOCRAT",2415
2024,"Delaware","County 2158","REPUBLICAN",2395
2024,"Delaware","County 2158","DEMOCRAT",592
2024,"Florida","County 2159","REPUBLICAN",7725
2024,"Florida","County 2159","DEMOCRAT",6997
2024,"Georgia","County 2160","REPUBLICAN",9212
2024,"Georgia","County 2160","DEMOCRAT",1793
2024,"Hawaii","County 2161","REPUBLICAN",2545
2024,"Hawaii","County 2161","DEMOCRAT",2712
2024,"Idaho","County 2162","REPUBLICAN",5288
2024,"Idaho","County 2162","DEMOCRAT",2281
2024,"Illinois","County 2163","REPUBLICAN",3592
2024,"Illinois","County 2163","DEMOCRAT",4095
2024,"Indiana","County 2164","REPUBLICAN",10401
2024,"Indiana","County 2164","DEMOCRAT",1619
2024,"Iowa","County 2165","REPUBLICAN",10481
2024,"Iowa","County 2165","DEMOCRAT",1368
2024,"Kansas","County 2166","REPUBLICAN",4119
2024,"Kansas","County 2166","DEMOCRAT",870
2024,"Kentucky","County 2167","REPUBLICAN",41453
2024,"Kentucky","County 2167","DEMOCRAT",10391
2024,"Louisiana","County 2168","REPUBLICAN",1245
2024,"Louisiana","County 2168","DEMOCRAT",1706
2024,"Maine","County 2169","REPUBLICAN",1917
2024,"Maine","County 2169","DEMOCRAT",1965
2024,"Maryland","County 2170","REPUBLICAN",17487
2024,"Maryland","County 2170","DEMOCRAT",6868
2024,"Massachusetts","County 2171","REPUBLICAN",4186
2024,"Massachusetts","County 2171","DEMOCRAT",5203
2024,"Michigan","County 2172","REPUBLICAN",5705
2024,"Michigan","County 2172","DEMOCRAT",4419
2024,"Minnesota","County 2173","REPUBLICAN",284
2024,"Minnesota","County 2173","DEMOCRAT",314
2024,"Mississippi","County 2174","REPUBLICAN",25002
2024,"Mississippi","County 2174","DEMOCRAT",14550
2024,"Missouri","County 2175","REPUBLICAN",5568
2024,"Missouri","County 2175","DEMOCRAT",4856
2024,"Montana","County 2176","REPUBLICAN",5128
2024,"Montana","County 2176","DEMOCRAT",7031
2024,"Nebraska","County 2177","REPUBLICAN",6801
2024,"Nebraska","County 2177","DEMOCRAT",4332
2024,"Nevada","County 2178","REPUBLICAN",20993
2024,"Nevada","County 2178","DEMOCRAT",10558
2024,"New Hampshire","County 2179","REPUBLICAN",3052
2024,"New Hampshire","County 2179","DEMOCRAT",826
2024,"New Jersey","County 2180","REPUBLICAN",61307
2024,"New Jersey","County 2180","DEMOCRAT",25231
2024,"New Mexico","County 2181","REPUBLICAN",859
2024,"New Mexico","County 2181","DEMOCRAT",320
2024,"New York","County 2182","REPUBLICAN",4713
2024,"New York","County 2182","DEMOCRAT",2691
2024,"North Carolina","County 2183","REPUBLICAN",7466
2024,"North Carolina","County 2183","DEMOCRAT",883
2024,"North Dakota","County 2184","REPUBLICAN",3054
2024,"North Dakota","County 2184","DEMOCRAT",378
2024,"Ohio","County 2185","REPUBLICAN",5846
2024,"Ohio","County 2185","DEMOCRAT",5105
2024,"Oklahoma","County 2186","REPUBLICAN",14863
2024,"Oklahoma","County 2186","DEMOCRAT",15356
2024,"Oregon","County 2187","REPUBLICAN",8811
2024,"Oregon","County 2187","DEMOCRAT",2171
2024,"Pennsylvania","County 2188","REPUBLICAN",7080
2024,"Pennsylvania","County 2188","DEMOCRAT",2117
2024,"Rhode Island","County 2189","REPUBLICAN",1115
2024,"Rhode Island","County 2189","DEMOCRAT",488
2024,"South Carolina","County 2190","REPUBLICAN",10496
2024,"South Carolina","County 2190","DEMOCRAT",9797
2024,"South Dakota","County 2191","REPUBLICAN",934
2024,"South Dakota","County 2191","DEMOCRAT",579
2024,"Tennessee","County 2192","REPUBLICAN",1615
2024,"Tennessee","County 2192","DEMOCRAT",1118
2024,"Texas","County 2193","REPUBLICAN",5445
2024,"Texas","County 2193","DEMOCRAT",3288
2024,"Utah","County 2194","REPUBLICAN",3468
2024,"Utah","County 2194","DEMOCRAT",5596
2024,"Vermont","County 2195","REPUBLICAN",89312
2024,"Vermont","County 2195","DEMOCRAT",37486
2024,"Virginia","County 2196","REPUBLICAN",926
2024,"Virginia","County 2196","DEMOCRAT",311
2024,"Washington","County 2197","REPUBLICAN",2421
2024,"Washington","County 2197","DEMOCRAT",188
2024,"West Virginia","County 2198","REPUBLICAN",2049
2024,"West Virginia","County 2198","DEMOCRAT",1148
2024,"Wisconsin","County 2199","REPUBLICAN",35023
2024,"Wisconsin","County 2199","DEMOCRAT",9199
2024,"Wyoming","County 2200","REPUBLICAN",10541
2024,"Wyoming","County 2200","DEMOCRAT",9870
2024,"Alabama","County 2201","REPUBLICAN",12198
2024,"Alabama","County 2201","DEMOCRAT",2256
2024,"Alaska","County 2202","REPUBLICAN",959
2024,"Alaska","County 2202","DEMOCRAT",277
2024,"Arizona","County 2203","REPUBLICAN",1126
2024,"Arizona","County 2203","DEMOCRAT",173
2024,"Arkansas","County 2204","REPUBLICAN",5157
2024,"Arkansas","County 2204","DEMOCRAT",3903
2024,"California","County 2205","REPUBLICAN",474
2024,"California","County 2205","DEMOCRAT",75
2024,"Colorado","County 2206","REPUBLICAN",3017
2024,"Colorado","County 2206","DEMOCRAT",3302
2024,"Connecticut","County 2207","REPUBLICAN",8668
2024,"Connecticut","County 2207","DEMOCRAT",5548
2024,"Delaware","County 2208","REPUBLICAN",7593
2024,"Delaware","County 2208","DEMOCRAT",7725
2024,"Florida","County 2209","REPUBLICAN",70697
2024,"Florida","County 2209","DEMOCRAT",42419
2024,"Georgia","County 2210","REPUBLICAN",2969
2024,"Georgia","County 2210","DEMOCRAT",6176
2024,"Hawaii","County 2211","REPUBLICAN",16318
2024,"Hawaii","County 2211","DEMOCRAT",10164
2024,"Idaho","County 2212","REPUBLICAN",5623
2024,"Idaho","County 2212","DEMOCRAT",1468
2024,"Illinois","County 2213","REPUBLICAN",1776
2024,"Illinois","County 2213","DEMOCRAT",445
2024,"Indiana","County 2214","REPUBLICAN",2604
2024,"Indiana","County 2214","DEMOCRAT",706
2024,"Iowa","County 2215","REPUBLICAN",4538
2024,"Iowa","County 2215","DEMOCRAT",1324
2024,"Kansas","County 2216","REPUBLICAN",17599
2024,"Kansas","County 2216","DEMOCRAT",10959
2024,"Kentucky","County 2217","REPUBLICAN",7660
2024,"Kentucky","County 2217","DEMOCRAT",4789
2024,"Louisiana","County 2218","REPUBLICAN",1130
2024,"Louisiana","County 2218","DEMOCRAT",1439
2024,"Maine","County 2219","REPUBLICAN",4686
2024,"Maine","County 2219","DEMOCRAT",3974
2024,"Maryland","County 2220","REPUBLICAN",5610
2024,"Maryland","County 2220","DEMOCRAT",2245
2024,"Massachusetts","County 2221","REPUBLICAN",6283
2024,"Massachusetts","County 2221","DEMOCRAT",4228
2024,"Michigan","County 2222","REPUBLICAN",3538
2024,"Michigan","County 2222","DEMOCRAT",2946
2024,"Minnesota","County 2223","REPUBLICAN",33800
2024,"Minnesota","County 2223","DEMOCRAT",22670
2024,"Mississippi","County 2224","REPUBLICAN",4492
2024,"Mississippi","County 2224","DEMOCRAT",4365
2024,"Missouri","County 2225","REPUBLICAN",8690
2024,"Missouri","County 2225","DEMOCRAT",2680
2024,"Montana","County 2226","REPUBLICAN",1107
2024,"Montana","County 2226","DEMOCRAT",1322
2024,"Nebraska","County 2227","REPUBLICAN",11507
2024,"Nebraska","County 2227","DEMOCRAT",11989
2024,"Nevada","County 2228","REPUBLICAN",56584
2024,"Nevada","County 2228","DEMOCRAT",50019
2024,"New Hampshire","County 2229","REPUBLICAN",35227
2024,"New Hampshire","County 2229","DEMOCRAT",23290
2024,"New Jersey","County 2230","REPUBLICAN",5079
2024,"New Jersey","County 2230","DEMOCRAT",2107
2024,"New Mexico","County 2231","REPUBLICAN",28789
2024,"New Mexico","County 2231","DEMOCRAT",23454
2024,"New York","County 2232","REPUBLICAN",5013
2024,"New York","County 2232","DEMOCRAT",1054
2024,"North Carolina","County 2233","REPUBLICAN",778
2024,"North Carolina","County 2233","DEMOCRAT",743
2024,"North Dakota","County 2234","REPUBLICAN",19048
2024,"North Dakota","County 2234","DEMOCRAT",16985
2024,"Ohio","County 2235","REPUBLICAN",45577
2024,"Ohio","County 2235","DEMOCRAT",23094
2024,"Oklahoma","County 2236","REPUBLICAN",31556
2024,"Oklahoma","County 2236","DEMOCRAT",12481
2024,"Oregon","County 2237","REPUBLICAN",11793
2024,"Oregon","County 2237","DEMOCRAT",1485
2024,"Pennsylvania","County 2238","REPUBLICAN",762
2024,"Pennsylvania","County 2238","DEMOCRAT",377
2024,"Rhode Island","County 2239","REPUBLICAN",56578
2024,"Rhode Island","County 2239","DEMOCRAT",9372
2024,"South Carolina","County 2240","REPUBLICAN",485
2024,"South Carolina","County 2240","DEMOCRAT",327
2024,"South Dakota","County 2241","REPUBLICAN",334
2024,"South Dakota","County 2241","DEMOCRAT",133
2024,"Tennessee","County 2242","REPUBLICAN",703
2024,"Tennessee","County 2242","DEMOCRAT",122
2024,"Texas","County 2243","REPUBLICAN",16581
2024,"Texas","County 2243","DEMOCRAT",5654
2024,"Utah","County 2244","REPUBLICAN",222
2024,"Utah","County 2244","DEMOCRAT",197
2024,"Vermont","County 2245","REPUBLICAN",1847
2024,"Vermont","County 2245","DEMOCRAT",3885
2024,"Virginia","County 2246","REPUBLICAN",23980
2024,"Virginia","County 2246","DEMOCRAT",20452
2024,"Washington","County 2247","REPUBLICAN",35917
2024,"Washington","County 2247","DEMOCRAT",12679
2024,"West Virginia","County 2248","REPUBLICAN",5135
2024,"West Virginia","County 2248","DEMOCRAT",4503
2024,"Wisconsin","County 2249","REPUBLICAN",1521
2024,"Wisconsin","County 2249","DEMOCRAT",517
2024,"Wyoming","County 2250","REPUBLICAN",1538
2024,"Wyoming","County 2250","DEMOCRAT",2041
2024,"Alabama","County 2251","REPUBLICAN",5315
2024,"Alabama","County 2251","DEMOCRAT",6401
2024,"Alaska","County 2252","REPUBLICAN",2088
2024,"Alaska","County 2252","DEMOCRAT",3432
2024,"Arizona","County 2253","REPUBLICAN",2873
2024,"Arizona","County 2253","DEMOCRAT",4536
2024,"Arkansas","County 2254","REPUBLICAN",69463
2024,"Arkansas","County 2254","DEMOCRAT",29827
2024,"California","County 2255","REPUBLICAN",5178
2024,"California","County 2255","DEMOCRAT",3345
2024,"Colorado","County 2256","REPUBLICAN",1801
2024,"Colorado","County 2256","DEMOCRAT",779
2024,"Connecticut","County 2257","REPUBLICAN",780
2024,"Connecticut","County 2257","DEMOCRAT",791
2024,"Delaware","County 2258","REPUBLICAN",12176
2024,"Delaware","County 2258","DEMOCRAT",10791
2024,"Florida","County 2259","REPUBLICAN",1514
2024,"Florida","County 2259","DEMOCRAT",2218
2024,"Georgia","County 2260","REPUBLICAN",6653
2024,"Georgia","County 2260","DEMOCRAT",3097
2024,"Hawaii","County 2261","REPUBLICAN",11782
2024,"Hawaii","County 2261","DEMOCRAT",2514
2024,"Idaho","County 2262","REPUBLICAN",20825
2024,"Idaho","County 2262","DEMOCRAT",2155
2024,"Illinois","County 2263","REPUBLICAN",24480
2024,"Illinois","County 2263","DEMOCRAT",8059
2024,"Indiana","County 2264","REPUBLICAN",850
2024,"Indiana","County 2264","DEMOCRAT",155
2024,"Iowa","County 2265","REPUBLICAN",29931
2024,"Iowa","County 2265","DEMOCRAT",7327
2024,"Kansas","County 2266","REPUBLICAN",7014
2024,"Kansas","County 2266","DEMOCRAT",16981
2024,"Kentucky","County 2267","REPUBLICAN",4433
2024,"Kentucky","County 2267","DEMOCRAT",2891
2024,"Louisiana","County 2268","REPUBLICAN",8643
2024,"Louisiana","County 2268","DEMOCRAT",9454
2024,"Maine","County 2269","REPUBLICAN",19434
2024,"Maine","County 2269","DEMOCRAT",2280
2024,"Maryland","County 2270","REPUBLICAN",704
2024,"Maryland","County 2270","DEMOCRAT",403
2024,"Massachusetts","County 2271","REPUBLICAN",6281
2024,"Massachusetts","County 2271","DEMOCRAT",881
2024,"Michigan","County 2272","REPUBLICAN",2658
2024,"Michigan","County 2272","DEMOCRAT",3769
2024,"Minnesota","County 2273","REPUBLICAN",7926
2024,"Minnesota","County 2273","DEMOCRAT",3656
2024,"Mississippi","County 2274","REPUBLICAN",15762
2024,"Mississippi","County 2274","DEMOCRAT",7661
2024,"Missouri","County 2275","REPUBLICAN",8881
2024,"Missouri","County 2275","DEMOCRAT",3421
2024,"Montana","County 2276","REPUBLICAN",1634
2024,"Montana","County 2276","DEMOCRAT",776
2024,"Nebraska","County 2277","REPUBLICAN",3074
2024,"Nebraska","County 2277","DEMOCRAT",2383
2024,"Nevada","County 2278","REPUBLICAN",1339
2024,"Nevada","County 2278","DEMOCRAT",390
2024,"New Hampshire","County 2279","REPUBLICAN",2005
2024,"New Hampshire","County 2279","DEMOCRAT",815
2024,"New Jersey","County 2280","REPUBLICAN",6923
2024,"New Jersey","County 2280","DEMOCRAT",3338
2024,"New Mexico","County 2281","REPUBLICAN",18492
2024,"New Mexico","County 2281","DEMOCRAT",9624
2024,"New York","County 2282","REPUBLICAN",823
2024,"New York","County 2282","DEMOCRAT",529
2024,"North Carolina","County 2283","REPUBLICAN",4684
2024,"North Carolina","County 2283","DEMOCRAT",1488
2024,"North Dakota","County 2284","REPUBLICAN",2201
2024,"North Dakota","County 2284","DEMOCRAT",1453
2024,"Ohio","County 2285","REPUBLICAN",38216
2024,"Ohio","County 2285","DEMOCRAT",10288
2024,"Oklahoma","County 2286","REPUBLICAN",3936
2024,"Oklahoma","County 2286","DEMOCRAT",944
2024,"Oregon","County 2287","REPUBLICAN",3728
2024,"Oregon","County 2287","DEMOCRAT",9463
2024,"Pennsylvania","County 2288","REPUBLICAN",1060
2024,"Pennsylvania","County 2288","DEMOCRAT",671
2024,"Rhode Island","County 2289","REPUBLICAN",6987
2024,"Rhode Island","County 2289","DEMOCRAT",2325
2024,"South Carolina","County 2290","REPUBLICAN",1855
2024,"South Carolina","County 2290","DEMOCRAT",1033
2024,"South Dakota","County 2291","REPUBLICAN",18949
2024,"South Dakota","County 2291","DEMOCRAT",7486
2024,"Tennessee","County 2292","REPUBLICAN",647
2024,"Tennessee","County 2292","DEMOCRAT",319
2024,"Texas","County 2293","REPUBLICAN",15066
2024,"Texas","County 2293","DEMOCRAT",18140
2024,"Utah","County 2294","REPUBLICAN",3645
2024,"Utah","County 2294","DEMOCRAT",3359
2024,"Vermont","County 2295","REPUBLICAN",17385
2024,"Vermont","County 2295","DEMOCRAT",10219
2024,"Virginia","County 2296","REPUBLICAN",2357
2024,"Virginia","County 2296","DEMOCRAT",1334
2024,"Washington","County 2297","REPUBLICAN",3102
2024,"Washington","County 2297","DEMOCRAT",3094
2024,"West Virginia","County 2298","REPUBLICAN",10529
2024,"West Virginia","County 2298","DEMOCRAT",4999
2024,"Wisconsin","County 2299","REPUBLICAN",11209
2024,"Wisconsin","County 2299","DEMOCRAT",6291
2024,"Wyoming","County 2300","REPUBLICAN",19825
2024,"Wyoming","County 2300","DEMOCRAT",13515
2024,"Alabama","County 2301","REPUBLICAN",4443
2024,"Alabama","County 2301","DEMOCRAT",654
2024,"Alaska","County 2302","REPUBLICAN",7973
2024,"Alaska","County 2302","DEMOCRAT",3911
2024,"Arizona","County 2303","REPUBLICAN",266
2024,"Arizona","County 2303","DEMOCRAT",160
2024,"Arkansas","County 2304","REPUBLICAN",1618
2024,"Arkansas","County 2304","DEMOCRAT",1383
2024,"California","County 2305","REPUBLICAN",49738
2024,"California","County 2305","DEMOCRAT",54522
2024,"Colorado","County 2306","REPUBLICAN",9786
2024,"Colorado","County 2306","DEMOCRAT",3583
2024,"Connecticut","County 2307","REPUBLICAN",5129
2024,"Connecticut","County 2307","DEMOCRAT",2707
2024,"Delaware","County 2308","REPUBLICAN",451
2024,"Delaware","County 2308","DEMOCRAT",215
2024,"Florida","County 2309","REPUBLICAN",29524
2024,"Florida","County 2309","DEMOCRAT",17186
2024,"Georgia","County 2310","REPUBLICAN",1887
2024,"Georgia","County 2310","DEMOCRAT",1129
2024,"Hawaii","County 2311","REPUBLICAN",3625
2024,"Hawaii","County 2311","DEMOCRAT",3090
2024,"Idaho","County 2312","REPUBLICAN",5778
2024,"Idaho","County 2312","DEMOCRAT",1708
2024,"Illinois","County 2313","REPUBLICAN",1866
2024,"Illinois","County 2313","DEMOCRAT",1962
2024,"Indiana","County 2314","REPUBLICAN",9127
2024,"Indiana","County 2314","DEMOCRAT",7002
2024,"Iowa","County 2315","REPUBLICAN",3369
2024,"Iowa","County 2315","DEMOCRAT",1533
2024,"Kansas","County 2316","REPUBLICAN",597
2024,"Kansas","County 2316","DEMOCRAT",383
2024,"Kentucky","County 2317","REPUBLICAN",28531
2024,"Kentucky","County 2317","DEMOCRAT",9162
2024,"Louisiana","County 2318","REPUBLICAN",4667
2024,"Louisiana","County 2318","DEMOCRAT",5909
2024,"Maine","County 2319","REPUBLICAN",7133
2024,"Maine","County 2319","DEMOCRAT",3817
2024,"Maryland","County 2320","REPUBLICAN",39030
2024,"Maryland","County 2320","DEMOCRAT",38133
2024,"Massachusetts","County 2321","REPUBLICAN",531
2024,"Massachusetts","County 2321","DEMOCRAT",660
2024,"Michigan","County 2322","REPUBLICAN",14651
2024,"Michigan","County 2322","DEMOCRAT",7606
2024,"Minnesota","County 2323","REPUBLICAN",17000
2024,"Minnesota","County 2323","DEMOCRAT",9098
2024,"Mississippi","County 2324","REPUBLICAN",2064
2024,"Mississippi","County 2324","DEMOCRAT",2275
2024,"Missouri","County 2325","REPUBLICAN",2196
2024,"Missouri","County 2325","DEMOCRAT",1484
2024,"Montana","County 2326","REPUBLICAN",28435
2024,"Montana","County 2326","DEMOCRAT",16887
2024,"Nebraska","County 2327","REPUBLICAN",16819
2024,"Nebraska","County 2327","DEMOCRAT",6717
2024,"Nevada","County 2328","REPUBLICAN",5213
2024,"Nevada","County 2328","DEMOCRAT",930
2024,"New Hampshire","County 2329","REPUBLICAN",18412
2024,"New Hampshire","County 2329","DEMOCRAT",10003
2024,"New Jersey","County 2330","REPUBLICAN",1451
2024,"New Jersey","County 2330","DEMOCRAT",1229
2024,"New Mexico","County 2331","REPUBLICAN",1417
2024,"New Mexico","County 2331","DEMOCRAT",1098
2024,"New York","County 2332","REPUBLICAN",537
2024,"New York","County 2332","DEMOCRAT",618
2024,"North Carolina","County 2333","REPUBLICAN",1217
2024,"North Carolina","County 2333","DEMOCRAT",401
2024,"North Dakota","County 2334","REPUBLICAN",7111
2024,"North Dakota","County 2334","DEMOCRAT",2035
2024,"Ohio","County 2335","REPUBLICAN",974
2024,"Ohio","County 2335","DEMOCRAT",1019
2024,"Oklahoma","County 2336","REPUBLICAN",10981
2024,"Oklahoma","County 2336","DEMOCRAT",2944
2024,"Oregon","County 2337","REPUBLICAN",1156
2024,"Oregon","County 2337","DEMOCRAT",1069
2024,"Pennsylvania","County 2338","REPUBLICAN",40498
2024,"Pennsylvania","County 2338","DEMOCRAT",5549
2024,"Rhode Island","County 2339","REPUBLICAN",3165
2024,"Rhode Island","County 2339","DEMOCRAT",2934
2024,"South Carolina","County 2340","REPUBLICAN",3875
2024,"South Carolina","County 2340","DEMOCRAT",596
2024,"South Dakota","County 2341","REPUBLICAN",5488
2024,"South Dakota","County 2341","DEMOCRAT",3026
2024,"Tennessee","County 2342","REPUBLICAN",2319
2024,"Tennessee","County 2342","DEMOCRAT",1454
2024,"Texas","County 2343","REPUBLICAN",1182
2024,"Texas","County 2343","DEMOCRAT",597
2024,"Utah","County 2344","REPUBLICAN",3550
2024,"Utah","County 2344","DEMOCRAT",1188
2024,"Vermont","County 2345","REPUBLICAN",4293
2024,"Vermont","County 2345","DEMOCRAT",1661
2024,"Virginia","County 2346","REPUBLICAN",3995
2024,"Virginia","County 2346","DEMOCRAT",2092
2024,"Washington","County 2347","REPUBLICAN",13411
2024,"Washington","County 2347","DEMOCRAT",6362
2024,"West Virginia","County 2348","REPUBLICAN",15640
2024,"West Virginia","County 2348","DEMOCRAT",15314
2024,"Wisconsin","County 2349","REPUBLICAN",60859
2024,"Wisconsin","County 2349","DEMOCRAT",20520
2024,"Wyoming","County 2350","REPUBLICAN",81693
2024,"Wyoming","County 2350","DEMOCRAT",20786
2024,"Alabama","County 2351","REPUBLICAN",9722
2024,"Alabama","County 2351","DEMOCRAT",1312
2024,"Alaska","County 2352","REPUBLICAN",1579
2024,"Alaska","County 2352","DEMOCRAT",841
2024,"Arizona","County 2353","REPUBLICAN",4013
2024,"Arizona","County 2353","DEMOCRAT",602
2024,"Arkansas","County 2354","REPUBLICAN",1649
2024,"Arkansas","County 2354","DEMOCRAT",2120
2024,"California","County 2355","REPUBLICAN",4127
2024,"California","County 2355","DEMOCRAT",1435
2024,"Colorado","County 2356","REPUBLICAN",2751
2024,"Colorado","County 2356","DEMOCRAT",1859
2024,"Connecticut","County 2357","REPUBLICAN",8330
2024,"Connecticut","County 2357","DEMOCRAT",4661
2024,"Delaware","County 2358","REPUBLICAN",7171
2024,"Delaware","County 2358","DEMOCRAT",1263
2024,"Florida","County 2359","REPUBLICAN",3156
2024,"Florida","County 2359","DEMOCRAT",2729
2024,"Georgia","County 2360","REPUBLICAN",80841
2024,"Georgia","County 2360","DEMOCRAT",50371
2024,"Hawaii","County 2361","REPUBLICAN",5081
2024,"Hawaii","County 2361","DEMOCRAT",1889
2024,"Idaho","County 2362","REPUBLICAN",11597
2024,"Idaho","County 2362","DEMOCRAT",2760
2024,"Illinois","County 2363","REPUBLICAN",1301
2024,"Illinois","County 2363","DEMOCRAT",583
2024,"Indiana","County 2364","REPUBLICAN",3342
2024,"Indiana","County 2364","DEMOCRAT",290
2024,"Iowa","County 2365","REPUBLICAN",2261
2024,"Iowa","County 2365","DEMOCRAT",1631
2024,"Kansas","County 2366","REPUBLICAN",5054
2024,"Kansas","County 2366","DEMOCRAT",3357
2024,"Kentucky","County 2367","REPUBLICAN",3078
2024,"Kentucky","County 2367","DEMOCRAT",2287
2024,"Louisiana","County 2368","REPUBLICAN",29081
2024,"Louisiana","County 2368","DEMOCRAT",12450
2024,"Maine","County 2369","REPUBLICAN",3036
2024,"Maine","County 2369","DEMOCRAT",1218
2024,"Maryland","County 2370","REPUBLICAN",2308
2024,"Maryland","County 2370","DEMOCRAT",2298
2024,"Massachusetts","County 2371","REPUBLICAN",837
2024,"Massachusetts","County 2371","DEMOCRAT",280
2024,"Michigan","County 2372","REPUBLICAN",2760
2024,"Michigan","County 2372","DEMOCRAT",1004
2024,"Minnesota","County 2373","REPUBLICAN",22139
2024,"Minnesota","County 2373","DEMOCRAT",15274
2024,"Mississippi","County 2374","REPUBLICAN",2807
2024,"Mississippi","County 2374","DEMOCRAT",517
2024,"Missouri","County 2375","REPUBLICAN",2931
2024,"Missouri","County 2375","DEMOCRAT",1360
2024,"Montana","County 2376","REPUBLICAN",388
2024,"Montana","County 2376","DEMOCRAT",849
2024,"Nebraska","County 2377","REPUBLICAN",2164
2024,"Nebraska","County 2377","DEMOCRAT",1177
2024,"Nevada","County 2378","REPUBLICAN",19916
2024,"Nevada","County 2378","DEMOCRAT",9492
2024,"New Hampshire","County 2379","REPUBLICAN",11600
2024,"New Hampshire","County 2379","DEMOCRAT",2589
2024,"New Jersey","County 2380","REPUBLICAN",14646
2024,"New Jersey","County 2380","DEMOCRAT",3540
2024,"New Mexico","County 2381","REPUBLICAN",6000
2024,"New Mexico","County 2381","DEMOCRAT",3764
2024,"New York","County 2382","REPUBLICAN",3545
2024,"New York","County 2382","DEMOCRAT",2513
2024,"North Carolina","County 2383","REPUBLICAN",4793
2024,"North Carolina","County 2383","DEMOCRAT",2307
2024,"North Dakota","County 2384","REPUBLICAN",55032
2024,"North Dakota","County 2384","DEMOCRAT",28345
2024,"Ohio","County 2385","REPUBLICAN",6758
2024,"Ohio","County 2385","DEMOCRAT",6256
2024,"Oklahoma","County 2386","REPUBLICAN",209
2024,"Oklahoma","County 2386","DEMOCRAT",58
2024,"Oregon","County 2387","REPUBLICAN",7325
2024,"Oregon","County 2387","DEMOCRAT",3878
2024,"Pennsylvania","County 2388","REPUBLICAN",13679
2024,"Pennsylvania","County 2388","DEMOCRAT",6768
2024,"Rhode Island","County 2389","REPUBLICAN",5235
2024,"Rhode Island","County 2389","DEMOCRAT",2941
2024,"South Carolina","County 2390","REPUBLICAN",676
2024,"South Carolina","County 2390","DEMOCRAT",1019
2024,"South Dakota","County 2391","REPUBLICAN",1213
2024,"South Dakota","County 2391","DEMOCRAT",1049
2024,"Tennessee","County 2392","REPUBLICAN",7111
2024,"Tennessee","County 2392","DEMOCRAT",9032
2024,"Texas","County 2393","REPUBLICAN",7263
2024,"Texas","County 2393","DEMOCRAT",722
2024,"Utah","County 2394","REPUBLICAN",1867
2024,"Utah","County 2394","DEMOCRAT",1990
2024,"Vermont","County 2395","REPUBLICAN",8982
2024,"Vermont","County 2395","DEMOCRAT",3961
2024,"Virginia","County 2396","REPUBLICAN",1604
2024,"Virginia","County 2396","DEMOCRAT",393
2024,"Washington","County 2397","REPUBLICAN",1631
2024,"Washington","County 2397","DEMOCRAT",571
2024,"West Virginia","County 2398","REPUBLICAN",2053
2024,"West Virginia","County 2398","DEMOCRAT",642
2024,"Wisconsin","County 2399","REPUBLICAN",7374
2024,"Wisconsin","County 2399","DEMOCRAT",2006
2024,"Wyoming","County 2400","REPUBLICAN",9851
2024,"Wyoming","County 2400","DEMOCRAT",5244
2024,"Alabama","County 2401","REPUBLICAN",25100
2024,"Alabama","County 2401","DEMOCRAT",8106
2024,"Alaska","County 2402","REPUBLICAN",8545
2024,"Alaska","County 2402","DEMOCRAT",6483
2024,"Arizona","County 2403","REPUBLICAN",1467
2024,"Arizona","County 2403","DEMOCRAT",260
2024,"Arkansas","County 2404","REPUBLICAN",2616
2024,"Arkansas","County 2404","DEMOCRAT",1738
2024,"California","County 2405","REPUBLICAN",5424
2024,"California","County 2405","DEMOCRAT",2051
2024,"Colorado","County 2406","REPUBLICAN",4701
2024,"Colorado","County 2406","DEMOCRAT",6699
2024,"Connecticut","County 2407","REPUBLICAN",3927
2024,"Connecticut","County 2407","DEMOCRAT",568
2024,"Delaware","County 2408","REPUBLICAN",4444
2024,"Delaware","County 2408","DEMOCRAT",2112
2024,"Florida","County 2409","REPUBLICAN",5310
2024,"Florida","County 2409","DEMOCRAT",3945
2024,"Georgia","County 2410","REPUBLICAN",6086
2024,"Georgia","County 2410","DEMOCRAT",1799
2024,"Hawaii","County 2411","REPUBLICAN",3291
2024,"Hawaii","County 2411","DEMOCRAT",2247
2024,"Idaho","County 2412","REPUBLICAN",5367
2024,"Idaho","County 2412","DEMOCRAT",7271
2024,"Illinois","County 2413","REPUBLICAN",5626
2024,"Illinois","County 2413","DEMOCRAT",1064
2024,"Indiana","County 2414","REPUBLICAN",15961
2024,"Indiana","County 2414","DEMOCRAT",11182
2024,"Iowa","County 2415","REPUBLICAN",5874
2024,"Iowa","County 2415","DEMOCRAT",2646
2024,"Kansas","County 2416","REPUBLICAN",3464
2024,"Kansas","County 2416","DEMOCRAT",2825
2024,"Kentucky","County 2417","REPUBLICAN",13254
2024,"Kentucky","County 2417","DEMOCRAT",7372
2024,"Louisiana","County 2418","REPUBLICAN",7960
2024,"Louisiana","County 2418","DEMOCRAT",3634
2024,"Maine","County 2419","REPUBLICAN",7799
2024,"Maine","County 2419","DEMOCRAT",5503
2024,"Maryland","County 2420","REPUBLICAN",6098
2024,"Maryland","County 2420","DEMOCRAT",1577
2024,"Massachusetts","County 2421","REPUBLICAN",2483
2024,"Massachusetts","County 2421","DEMOCRAT",3506
2024,"Michigan","County 2422","REPUBLICAN",4453
2024,"Michigan","County 2422","DEMOCRAT",2395
2024,"Minnesota","County 2423","REPUBLICAN",21915
2024,"Minnesota","County 2423","DEMOCRAT",9593
2024,"Mississippi","County 2424","REPUBLICAN",1848
2024,"Mississippi","County 2424","DEMOCRAT",2216
2024,"Missouri","County 2425","REPUBLICAN",3578
2024,"Missouri","County 2425","DEMOCRAT",2246
2024,"Montana","County 2426","REPUBLICAN",6273
2024,"Montana","County 2426","DEMOCRAT",7543
2024,"Nebraska","County 2427","REPUBLICAN",2713
2024,"Nebraska","County 2427","DEMOCRAT",1487
2024,"Nevada","County 2428","REPUBLICAN",4563
2024,"Nevada","County 2428","DEMOCRAT",2844
2024,"New Hampshire","County 2429","REPUBLICAN",1638
2024,"New Hampshire","County 2429","DEMOCRAT",1106
2024,"New Jersey","County 2430","REPUBLICAN",51354
2024,"New Jersey","County 2430","DEMOCRAT",13610
2024,"New Mexico","County 2431","REPUBLICAN",2756
2024,"New Mexico","County 2431","DEMOCRAT",1130
2024,"New York","County 2432","REPUBLICAN",7020
2024,"New York","County 2432","DEMOCRAT",3525
2024,"North Carolina","County 2433","REPUBLICAN",1721
2024,"North Carolina","County 2433","DEMOCRAT",1373
2024,"North Dakota","County 2434","REPUBLICAN",14664
2024,"North Dakota","County 2434","DEMOCRAT",5197
2024,"Ohio","County 2435","REPUBLICAN",5169
2024,"Ohio","County 2435","DEMOCRAT",6938
2024,"Oklahoma","County 2436","REPUBLICAN",3188
2024,"Oklahoma","County 2436","DEMOCRAT",1169
2024,"Oregon","County 2437","REPUBLICAN",2425
2024,"Oregon","County 2437","DEMOCRAT",2055
2024,"Pennsylvania","County 2438","REPUBLICAN",135293
2024,"Pennsylvania","County 2438","DEMOCRAT",71971
2024,"Rhode Island","County 2439","REPUBLICAN",1425
2024,"Rhode Island","County 2439","DEMOCRAT",1414
2024,"South Carolina","County 2440","REPUBLICAN",11152
2024,"South Carolina","County 2440","DEMOCRAT",9938
2024,"South Dakota","County 2441","REPUBLICAN",244187
2024,"South Dakota","County 2441","DEMOCRAT",94687
2024,"Tennessee","County 2442","REPUBLICAN",14406
2024,"Tennessee","County 2442","DEMOCRAT",7071
2024,"Texas","County 2443","REPUBLICAN",10535
2024,"Texas","County 2443","DEMOCRAT",7516
2024,"Utah","County 2444","REPUBLICAN",10517
2024,"Utah","County 2444","DEMOCRAT",3261
2024,"Vermont","County 2445","REPUBLICAN",26784
2024,"Vermont","County 2445","DEMOCRAT",16605
2024,"Virginia","County 2446","REPUBLICAN",8010
2024,"Virginia","County 2446","DEMOCRAT",3285
2024,"Washington","County 2447","REPUBLICAN",5184
2024,"Washington","County 2447","DEMOCRAT",3120
2024,"West Virginia","County 2448","REPUBLICAN",24763
2024,"West Virginia","County 2448","DEMOCRAT",37019
2024,"Wisconsin","County 2449","REPUBLICAN",22893
2024,"Wisconsin","County 2449","DEMOCRAT",24085
2024,"Wyoming","County 2450","REPUBLICAN",8595
2024,"Wyoming","County 2450","DEMOCRAT",1456
2024,"Alabama","County 2451","REPUBLICAN",3153
2024,"Alabama","County 2451","DEMOCRAT",2100
2024,"Alaska","County 2452","REPUBLICAN",9149
2024,"Alaska","County 2452","DEMOCRAT",7662
2024,"Arizona","County 2453","REPUBLICAN",11015
2024,"Arizona","County 2453","DEMOCRAT",4748
2024,"Arkansas","County 2454","REPUBLICAN",57154
2024,"Arkansas","County 2454","DEMOCRAT",42392
2024,"California","County 2455","REPUBLICAN",506
2024,"California","County 2455","DEMOCRAT",272
2024,"Colorado","County 2456","REPUBLICAN",748
2024,"Colorado","County 2456","DEMOCRAT",1132
2024,"Connecticut","County 2457","REPUBLICAN",6450
2024,"Connecticut","County 2457","DEMOCRAT",7438
2024,"Delaware","County 2458","REPUBLICAN",10001
2024,"Delaware","County 2458","DEMOCRAT",11506
2024,"Florida","County 2459","REPUBLICAN",97293
2024,"Florida","County 2459","DEMOCRAT",28276
2024,"Georgia","County 2460","REPUBLICAN",5187
2024,"Georgia","County 2460","DEMOCRAT",6373
2024,"Hawaii","County 2461","REPUBLICAN",1624
2024,"Hawaii","County 2461","DEMOCRAT",464
2024,"Idaho","County 2462","REPUBLICAN",4046
2024,"Idaho","County 2462","DEMOCRAT",1710
2024,"Illinois","County 2463","REPUBLICAN",2327
2024,"Illinois","County 2463","DEMOCRAT",1694
2024,"Indiana","County 2464","REPUBLICAN",5615
2024,"Indiana","County 2464","DEMOCRAT",3741
2024,"Iowa","County 2465","REPUBLICAN",35001
2024,"Iowa","County 2465","DEMOCRAT",40999
2024,"Kansas","County 2466","REPUBLICAN",5945
2024,"Kansas","County 2466","DEMOCRAT",5185
2024,"Kentucky","County 2467","REPUBLICAN",11719
2024,"Kentucky","County 2467","DEMOCRAT",4026
2024,"Louisiana","County 2468","REPUBLICAN",3625
2024,"Louisiana","County 2468","DEMOCRAT",2461
2024,"Maine","County 2469","REPUBLICAN",96933
2024,"Maine","County 2469","DEMOCRAT",91472
2024,"Maryland","County 2470","REPUBLICAN",1834
2024,"Maryland","County 2470","DEMOCRAT",665
2024,"Massachusetts","County 2471","REPUBLICAN",10708
2024,"Massachusetts","County 2471","DEMOCRAT",3193
2024,"Michigan","County 2472","REPUBLICAN",1201
2024,"Michigan","County 2472","DEMOCRAT",82
2024,"Minnesota","County 2473","REPUBLICAN",5832
2024,"Minnesota","County 2473","DEMOCRAT",3861
2024,"Mississippi","County 2474","REPUBLICAN",3856
2024,"Mississippi","County 2474","DEMOCRAT",2646
2024,"Missouri","County 2475","REPUBLICAN",1493
2024,"Missouri","County 2475","DEMOCRAT",2593
2024,"Montana","County 2476","REPUBLICAN",10648
2024,"Montana","County 2476","DEMOCRAT",7029
2024,"Nebraska","County 2477","REPUBLICAN",2199
2024,"Nebraska","County 2477","DEMOCRAT",422
2024,"Nevada","County 2478","REPUBLICAN",2396
2024,"Nevada","County 2478","DEMOCRAT",633
2024,"New Hampshire","County 2479","REPUBLICAN",2468
2024,"New Hampshire","County 2479","DEMOCRAT",926
2024,"New Jersey","County 2480","REPUBLICAN",776
2024,"New Jersey","County 2480","DEMOCRAT",510
2024,"New Mexico","County 2481","REPUBLICAN",1862
2024,"New Mexico","County 2481","DEMOCRAT",1385
2024,"New York","County 2482","REPUBLICAN",3727
2024,"New York","County 2482","DEMOCRAT",2628
2024,"North Carolina","County 2483","REPUBLICAN",26637
2024,"North Carolina","County 2483","DEMOCRAT",10742
2024,"North Dakota","County 2484","REPUBLICAN",443
2024,"North Dakota","County 2484","DEMOCRAT",474
2024,"Ohio","County 2485","REPUBLICAN",147941
2024,"Ohio","County 2485","DEMOCRAT",59208
2024,"Oklahoma","County 2486","REPUBLICAN",4203
2024,"Oklahoma","County 2486","DEMOCRAT",5528
2024,"Oregon","County 2487","REPUBLICAN",6504
2024,"Oregon","County 2487","DEMOCRAT",363
2024,"Pennsylvania","County 2488","REPUBLICAN",12767
2024,"Pennsylvania","County 2488","DEMOCRAT",23118
2024,"Rhode Island","County 2489","REPUBLICAN",2053
2024,"Rhode Island","County 2489","DEMOCRAT",1104
2024,"South Carolina","County 2490","REPUBLICAN",7073
2024,"South Carolina","County 2490","DEMOCRAT",3065
2024,"South Dakota","County 2491","REPUBLICAN",2838
2024,"South Dakota","County 2491","DEMOCRAT",2362
2024,"Tennessee","County 2492","REPUBLICAN",29800
2024,"Tennessee","County 2492","DEMOCRAT",5580
2024,"Texas","County 2493","REPUBLICAN",9270
2024,"Texas","County 2493","DEMOCRAT",3354
2024,"Utah","County 2494","REPUBLICAN",33563
2024,"Utah","County 2494","DEMOCRAT",11461
2024,"Vermont","County 2495","REPUBLICAN",1547
2024,"Vermont","County 2495","DEMOCRAT",224
2024,"Virginia","County 2496","REPUBLICAN",21473
2024,"Virginia","County 2496","DEMOCRAT",12721
2024,"Washington","County 2497","REPUBLICAN",1526
2024,"Washington","County 2497","DEMOCRAT",1010
2024,"West Virginia","County 2498","REPUBLICAN",34611
2024,"West Virginia","County 2498","DEMOCRAT",29976
2024,"Wisconsin","County 2499","REPUBLICAN",907
2024,"Wisconsin","County 2499","DEMOCRAT",280
2024,"Wyoming","County 2500","REPUBLICAN",515
2024,"Wyoming","County 2500","DEMOCRAT",229
2024,"Alabama","County 2501","REPUBLICAN",4831
2024,"Alabama","County 2501","DEMOCRAT",5938
2024,"Alaska","County 2502","REPUBLICAN",7353
2024,"Alaska","County 2502","DEMOCRAT",6379
2024,"Arizona","County 2503","REPUBLICAN",5185
2024,"Arizona","County 2503","DEMOCRAT",2804
2024,"Arkansas","County 2504","REPUBLICAN",2238
2024,"Arkansas","County 2504","DEMOCRAT",613
2024,"California","County 2505","REPUBLICAN",366
2024,"California","County 2505","DEMOCRAT",262
2024,"Colorado","County 2506","REPUBLICAN",33097
2024,"Colorado","County 2506","DEMOCRAT",21832
2024,"Connecticut","County 2507","REPUBLICAN",6818
2024,"Connecticut","County 2507","DEMOCRAT",696
2024,"Delaware","County 2508","REPUBLICAN",7519
2024,"Delaware","County 2508","DEMOCRAT",6479
2024,"Florida","County 2509","REPUBLICAN",4213
2024,"Florida","County 2509","DEMOCRAT",3217
2024,"Georgia","County 2510","REPUBLICAN",15384
2024,"Georgia","County 2510","DEMOCRAT",5151
2024,"Hawaii","County 2511","REPUBLICAN",16645
2024,"Hawaii","County 2511","DEMOCRAT",4131
2024,"Idaho","County 2512","REPUBLICAN",21669
2024,"Idaho","County 2512","DEMOCRAT",22211
2024,"Illinois","County 2513","REPUBLICAN",7113
2024,"Illinois","County 2513","DEMOCRAT",7292
2024,"Indiana","County 2514","REPUBLICAN",36565
2024,"Indiana","County 2514","DEMOCRAT",10980
2024,"Iowa","County 2515","REPUBLICAN",3235
2024,"Iowa","County 2515","DEMOCRAT",895
2024,"Kansas","County 2516","REPUBLICAN",7444
2024,"Kansas","County 2516","DEMOCRAT",7559
2024,"Kentucky","County 2517","REPUBLICAN",5007
2024,"Kentucky","County 2517","DEMOCRAT",1874
2024,"Louisiana","County 2518","REPUBLICAN",2131
2024,"Louisiana","County 2518","DEMOCRAT",897
2024,"Maine","County 2519","REPUBLICAN",1913
2024,"Maine","County 2519","DEMOCRAT",902
2024,"Maryland","County 2520","REPUBLICAN",15539
2024,"Maryland","County 2520","DEMOCRAT",4614
2024,"Massachusetts","County 2521","REPUBLICAN",423
2024,"Massachusetts","County 2521","DEMOCRAT",167
2024,"Michigan","County 2522","REPUBLICAN",1769
2024,"Michigan","County 2522","DEMOCRAT",1573
2024,"Minnesota","County 2523","REPUBLICAN",296
2024,"Minnesota","County 2523","DEMOCRAT",452
2024,"Mississippi","County 2524","REPUBLICAN",18537
2024,"Mississippi","County 2524","DEMOCRAT",19604
2024,"Missouri","County 2525","REPUBLICAN",9886
2024,"Missouri","County 2525","DEMOCRAT",4244
2024,"Montana","County 2526","REPUBLICAN",898
2024,"Montana","County 2526","DEMOCRAT",461
2024,"Nebraska","County 2527","REPUBLICAN",5654
2024,"Nebraska","County 2527","DEMOCRAT",1604
2024,"Nevada","County 2528","REPUBLICAN",354
2024,"Nevada","County 2528","DEMOCRAT",338
2024,"New Hampshire","County 2529","REPUBLICAN",73703
2024,"New Hampshire","County 2529","DEMOCRAT",59904
2024,"New Jersey","County 2530","REPUBLICAN",1779
2024,"New Jersey","County 2530","DEMOCRAT",417
2024,"New Mexico","County 2531","REPUBLICAN",964
2024,"New Mexico","County 2531","DEMOCRAT",1885
2024,"New York","County 2532","REPUBLICAN",1788
2024,"New York","County 2532","DEMOCRAT",1104
2024,"North Carolina","County 2533","REPUBLICAN",4107
2024,"North Carolina","County 2533","DEMOCRAT",1903
2024,"North Dakota","County 2534","REPUBLICAN",4689
2024,"North Dakota","County 2534","DEMOCRAT",5755
2024,"Ohio","County 2535","REPUBLICAN",4610
2024,"Ohio","County 2535","DEMOCRAT",1879
2024,"Oklahoma","County 2536","REPUBLICAN",3049
2024,"Oklahoma","County 2536","DEMOCRAT",877
2024,"Oregon","County 2537","REPUBLICAN",806
2024,"Oregon","County 2537","DEMOCRAT",288
2024,"Pennsylvania","County 2538","REPUBLICAN",6010
2024,"Pennsylvania","County 2538","DEMOCRAT",8056
2024,"Rhode Island","County 2539","REPUBLICAN",4408
2024,"Rhode Island","County 2539","DEMOCRAT",4208
2024,"South Carolina","County 2540","REPUBLICAN",31406
2024,"South Carolina","County 2540","DEMOCRAT",7913
2024,"South Dakota","County 2541","REPUBLICAN",2160
2024,"South Dakota","County 2541","DEMOCRAT",1474
2024,"Tennessee","County 2542","REPUBLICAN",2714
2024,"Tennessee","County 2542","DEMOCRAT",4792
2024,"Texas","County 2543","REPUBLICAN",9561
2024,"Texas","County 2543","DEMOCRAT",3099
2024,"Utah","County 2544","REPUBLICAN",11557
2024,"Utah","County 2544","DEMOCRAT",10387
2024,"Vermont","County 2545","REPUBLICAN",7806
2024,"Vermont","County 2545","DEMOCRAT",4843
2024,"Virginia","County 2546","REPUBLICAN",26376
2024,"Virginia","County 2546","DEMOCRAT",10550
2024,"Washington","County 2547","REPUBLICAN",7303
2024,"Washington","County 2547","DEMOCRAT",8679
2024,"West Virginia","County 2548","REPUBLICAN",591
2024,"West Virginia","County 2548","DEMOCRAT",418
2024,"Wisconsin","County 2549","REPUBLICAN",18477
2024,"Wisconsin","County 2549","DEMOCRAT",2959
2024,"Wyoming","County 2550","REPUBLICAN",355
2024,"Wyoming","County 2550","DEMOCRAT",354
2024,"Alabama","County 2551","REPUBLICAN",899
2024,"Alabama","County 2551","DEMOCRAT",1104
2024,"Alaska","County 2552","REPUBLICAN",3665
2024,"Alaska","County 2552","DEMOCRAT",6479
2024,"Arizona","County 2553","REPUBLICAN",50359
2024,"Arizona","County 2553","DEMOCRAT",16282
2024,"Arkansas","County 2554","REPUBLICAN",2001
2024,"Arkansas","County 2554","DEMOCRAT",1138
2024,"California","County 2555","REPUBLICAN",18824
2024,"California","County 2555","DEMOCRAT",5689
2024,"Colorado","County 2556","REPUBLICAN",8021
2024,"Colorado","County 2556","DEMOCRAT",17124
2024,"Connecticut","County 2557","REPUBLICAN",4709
2024,"Connecticut","County 2557","DEMOCRAT",1568
2024,"Delaware","County 2558","REPUBLICAN",16787
2024,"Delaware","County 2558","DEMOCRAT",29339
2024,"Florida","County 2559","REPUBLICAN",2561
2024,"Florida","County 2559","DEMOCRAT",1167
2024,"Georgia","County 2560","REPUBLICAN",1968
2024,"Georgia","County 2560","DEMOCRAT",3424
2024,"Hawaii","County 2561","REPUBLICAN",3328
2024,"Hawaii","County 2561","DEMOCRAT",3552
2024,"Idaho","County 2562","REPUBLICAN",3208
2024,"Idaho","County 2562","DEMOCRAT",562
2024,"Illinois","County 2563","REPUBLICAN",1303
2024,"Illinois","County 2563","DEMOCRAT",848
2024,"Indiana","County 2564","REPUBLICAN",30345
2024,"Indiana","County 2564","DEMOCRAT",8279
2024,"Iowa","County 2565","REPUBLICAN",935
2024,"Iowa","County 2565","DEMOCRAT",324
2024,"Kansas","County 2566","REPUBLICAN",9240
2024,"Kansas","County 2566","DEMOCRAT",3369
2024,"Kentucky","County 2567","REPUBLICAN",9590
2024,"Kentucky","County 2567","DEMOCRAT",5255
2024,"Louisiana","County 2568","REPUBLICAN",4037
2024,"Louisiana","County 2568","DEMOCRAT",5628
2024,"Maine","County 2569","REPUBLICAN",2941
2024,"Maine","County 2569","DEMOCRAT",2101
2024,"Maryland","County 2570","REPUBLICAN",1188
2024,"Maryland","County 2570","DEMOCRAT",827
2024,"Massachusetts","County 2571","REPUBLICAN",7241
2024,"Massachusetts","County 2571","DEMOCRAT",1019
2024,"Michigan","County 2572","REPUBLICAN",45912
2024,"Michigan","County 2572","DEMOCRAT",4735
2024,"Minnesota","County 2573","REPUBLICAN",605
2024,"Minnesota","County 2573","DEMOCRAT",1139
2024,"Mississippi","County 2574","REPUBLICAN",641
2024,"Mississippi","County 2574","DEMOCRAT",134
2024,"Missouri","County 2575","REPUBLICAN",9417
2024,"Missouri","County 2575","DEMOCRAT",3143
2024,"Montana","County 2576","REPUBLICAN",437
2024,"Montana","County 2576","DEMOCRAT",188
2024,"Nebraska","County 2577","REPUBLICAN",25925
2024,"Nebraska","County 2577","DEMOCRAT",25065
2024,"Nevada","County 2578","REPUBLICAN",29702
2024,"Nevada","County 2578","DEMOCRAT",3509
2024,"New Hampshire","County 2579","REPUBLICAN",1541
2024,"New Hampshire","County 2579","DEMOCRAT",1298
2024,"New Jersey","County 2580","REPUBLICAN",30347
2024,"New Jersey","County 2580","DEMOCRAT",3316
2024,"New Mexico","County 2581","REPUBLICAN",18138
2024,"New Mexico","County 2581","DEMOCRAT",27052
2024,"New York","County 2582","REPUBLICAN",1673
2024,"New York","County 2582","DEMOCRAT",414
2024,"North Carolina","County 2583","REPUBLICAN",832
2024,"North Carolina","County 2583","DEMOCRAT",693
2024,"North Dakota","County 2584","REPUBLICAN",4699
2024,"North Dakota","County 2584","DEMOCRAT",3295
2024,"Ohio","County 2585","REPUBLICAN",1154
2024,"Ohio","County 2585","DEMOCRAT",1043
2024,"Oklahoma","County 2586","REPUBLICAN",2893
2024,"Oklahoma","County 2586","DEMOCRAT",722
2024,"Oregon","County 2587","REPUBLICAN",1014
2024,"Oregon","County 2587","DEMOCRAT",494
2024,"Pennsylvania","County 2588","REPUBLICAN",12801
2024,"Pennsylvania","County 2588","DEMOCRAT",10094
2024,"Rhode Island","County 2589","REPUBLICAN",22304
2024,"Rhode Island","County 2589","DEMOCRAT",22600
2024,"South Carolina","County 2590","REPUBLICAN",10819
2024,"South Carolina","County 2590","DEMOCRAT",6159
2024,"South Dakota","County 2591","REPUBLICAN",14894
2024,"South Dakota","County 2591","DEMOCRAT",6133
2024,"Tennessee","County 2592","REPUBLICAN",2261
2024,"Tennessee","County 2592","DEMOCRAT",1497
2024,"Texas","County 2593","REPUBLICAN",1521
2024,"Texas","County 2593","DEMOCRAT",368
2024,"Utah","County 2594","REPUBLICAN",8983
2024,"Utah","County 2594","DEMOCRAT",1073
2024,"Vermont","County 2595","REPUBLICAN",2694
2024,"Vermont","County 2595","DEMOCRAT",3821
2024,"Virginia","County 2596","REPUBLICAN",16305
2024,"Virginia","County 2596","DEMOCRAT",10221
2024,"Washington","County 2597","REPUBLICAN",8278
2024,"Washington","County 2597","DEMOCRAT",7837
2024,"West Virginia","County 2598","REPUBLICAN",5439
2024,"West Virginia","County 2598","DEMOCRAT",1967
2024,"Wisconsin","County 2599","REPUBLICAN",3382
2024,"Wisconsin","County 2599","DEMOCRAT",1643
2024,"Wyoming","County 2600","REPUBLICAN",31736
2024,"Wyoming","County 2600","DEMOCRAT",5694
2024,"Alabama","County 2601","REPUBLICAN",5236
2024,"Alabama","County 2601","DEMOCRAT",1493
2024,"Alaska","County 2602","REPUBLICAN",2811
2024,"Alaska","County 2602","DEMOCRAT",2745
2024,"Arizona","County 2603","REPUBLICAN",2104
2024,"Arizona","County 2603","DEMOCRAT",500
2024,"Arkansas","County 2604","REPUBLICAN",845
2024,"Arkansas","County 2604","DEMOCRAT",453
2024,"California","County 2605","REPUBLICAN",1629
2024,"California","County 2605","DEMOCRAT",584
2024,"Colorado","County 2606","REPUBLICAN",2543
2024,"Colorado","County 2606","DEMOCRAT",904
2024,"Connecticut","County 2607","REPUBLICAN",1876
2024,"Connecticut","County 2607","DEMOCRAT",746
2024,"Delaware","County 2608","REPUBLICAN",5944
2024,"Delaware","County 2608","DEMOCRAT",7100
2024,"Florida","County 2609","REPUBLICAN",1046
2024,"Florida","County 2609","DEMOCRAT",196
2024,"Georgia","County 2610","REPUBLICAN",3105
2024,"Georgia","County 2610","DEMOCRAT",1231
2024,"Hawaii","County 2611","REPUBLICAN",1885
2024,"Hawaii","County 2611","DEMOCRAT",3238
2024,"Idaho","County 2612","REPUBLICAN",3446
2024,"Idaho","County 2612","DEMOCRAT",2549
2024,"Illinois","County 2613","REPUBLICAN",1057
2024,"Illinois","County 2613","DEMOCRAT",1788
2024,"Indiana","County 2614","REPUBLICAN",16710
2024,"Indiana","County 2614","DEMOCRAT",5532
2024,"Iowa","County 2615","REPUBLICAN",20371
2024,"Iowa","County 2615","DEMOCRAT",6221
2024,"Kansas","County 2616","REPUBLICAN",2883
2024,"Kansas","County 2616","DEMOCRAT",2745
2024,"Kentucky","County 2617","REPUBLICAN",2801
2024,"Kentucky","County 2617","DEMOCRAT",1607
2024,"Louisiana","County 2618","REPUBLICAN",9805
2024,"Louisiana","County 2618","DEMOCRAT",5362
2024,"Maine","County 2619","REPUBLICAN",1729
2024,"Maine","County 2619","DEMOCRAT",1701
2024,"Maryland","County 2620","REPUBLICAN",6653
2024,"Maryland","County 2620","DEMOCRAT",4344
2024,"Massachusetts","County 2621","REPUBLICAN",46752
2024,"Massachusetts","County 2621","DEMOCRAT",5315
2024,"Michigan","County 2622","REPUBLICAN",1516
2024,"Michigan","County 2622","DEMOCRAT",377
2024,"Minnesota","County 2623","REPUBLICAN",553
2024,"Minnesota","County 2623","DEMOCRAT",308
2024,"Mississippi","County 2624","REPUBLICAN",8714
2024,"Mississippi","County 2624","DEMOCRAT",7174
2024,"Missouri","County 2625","REPUBLICAN",1762
2024,"Missouri","County 2625","DEMOCRAT",1023
2024,"Montana","County 2626","REPUBLICAN",6361
2024,"Montana","County 2626","DEMOCRAT",6818
2024,"Nebraska","County 2627","REPUBLICAN",12268
2024,"Nebraska","County 2627","DEMOCRAT",5125
2024,"Nevada","County 2628","REPUBLICAN",3483
2024,"Nevada","County 2628","DEMOCRAT",3537
2024,"New Hampshire","County 2629","REPUBLICAN",640
2024,"New Hampshire","County 2629","DEMOCRAT",304
2024,"New Jersey","County 2630","REPUBLICAN",5358
2024,"New Jersey","County 2630","DEMOCRAT",2325
2024,"New Mexico","County 2631","REPUBLICAN",4527
2024,"New Mexico","County 2631","DEMOCRAT",2672
2024,"New York","County 2632","REPUBLICAN",5827
2024,"New York","County 2632","DEMOCRAT",6120
2024,"North Carolina","County 2633","REPUBLICAN",5086
2024,"North Carolina","County 2633","DEMOCRAT",3963
2024,"North Dakota","County 2634","REPUBLICAN",710
2024,"North Dakota","County 2634","DEMOCRAT",672
2024,"Ohio","County 2635","REPUBLICAN",36550
2024,"Ohio","County 2635","DEMOCRAT",17030
2024,"Oklahoma","County 2636","REPUBLICAN",5716
2024,"Oklahoma","County 2636","DEMOCRAT",2671
2024,"Oregon","County 2637","REPUBLICAN",6510
2024,"Oregon","County 2637","DEMOCRAT",3195
2024,"Pennsylvania","County 2638","REPUBLICAN",4589
2024,"Pennsylvania","County 2638","DEMOCRAT",2911
2024,"Rhode Island","County 2639","REPUBLICAN",4087
2024,"Rhode Island","County 2639","DEMOCRAT",2229
2024,"South Carolina","County 2640","REPUBLICAN",469
2024,"South Carolina","County 2640","DEMOCRAT",2115
2024,"South Dakota","County 2641","REPUBLICAN",6811
2024,"South Dakota","County 2641","DEMOCRAT",2142
2024,"Tennessee","County 2642","REPUBLICAN",19369
2024,"Tennessee","County 2642","DEMOCRAT",5493
2024,"Texas","County 2643","REPUBLICAN",1766
2024,"Texas","County 2643","DEMOCRAT",940
2024,"Utah","County 2644","REPUBLICAN",3966
2024,"Utah","County 2644","DEMOCRAT",2085
2024,"Vermont","County 2645","REPUBLICAN",2177
2024,"Vermont","County 2645","DEMOCRAT",3013
2024,"Virginia","County 2646","REPUBLICAN",496
2024,"Virginia","County 2646","DEMOCRAT",954
2024,"Washington","County 2647","REPUBLICAN",3878
2024,"Washington","County 2647","DEMOCRAT",1831
2024,"West Virginia","County 2648","REPUBLICAN",28893
2024,"West Virginia","County 2648","DEMOCRAT",9099
2024,"Wisconsin","County 2649","REPUBLICAN",9496
2024,"Wisconsin","County 2649","DEMOCRAT",5178
2024,"Wyoming","County 2650","REPUBLICAN",4113
2024,"Wyoming","County 2650","DEMOCRAT",1092
2024,"Alabama","County 2651","REPUBLICAN",47155
2024,"Alabama","County 2651","DEMOCRAT",11192
2024,"Alaska","County 2652","REPUBLICAN",12298
2024,"Alaska","County 2652","DEMOCRAT",4504
2024,"Arizona","County 2653","REPUBLICAN",237
2024,"Arizona","County 2653","DEMOCRAT",203
2024,"Arkansas","County 2654","REPUBLICAN",536
2024,"Arkansas","County 2654","DEMOCRAT",333
2024,"California","County 2655","REPUBLICAN",1314
2024,"California","County 2655","DEMOCRAT",456
2024,"Colorado","County 2656","REPUBLICAN",5155
2024,"Colorado","County 2656","DEMOCRAT",3689
2024,"Connecticut","County 2657","REPUBLICAN",10036
2024,"Connecticut","County 2657","DEMOCRAT",7205
2024,"Delaware","County 2658","REPUBLICAN",7751
2024,"Delaware","County 2658","DEMOCRAT",5051
2024,"Florida","County 2659","REPUBLICAN",2444
2024,"Florida","County 2659","DEMOCRAT",825
2024,"Georgia","County 2660","REPUBLICAN",2224
2024,"Georgia","County 2660","DEMOCRAT",4229
2024,"Hawaii","County 2661","REPUBLICAN",1695
2024,"Hawaii","County 2661","DEMOCRAT",974
2024,"Idaho","County 2662","REPUBLICAN",234
2024,"Idaho","County 2662","DEMOCRAT",251
2024,"Illinois","County 2663","REPUBLICAN",51705
2024,"Illinois","County 2663","DEMOCRAT",25736
2024,"Indiana","County 2664","REPUBLICAN",3017
2024,"Indiana","County 2664","DEMOCRAT",696
2024,"Iowa","County 2665","REPUBLICAN",4185
2024,"Iowa","County 2665","DEMOCRAT",1510
2024,"Kansas","County 2666","REPUBLICAN",1159
2024,"Kansas","County 2666","DEMOCRAT",430
2024,"Kentucky","County 2667","REPUBLICAN",1761
2024,"Kentucky","County 2667","DEMOCRAT",913
2024,"Louisiana","County 2668","REPUBLICAN",2180
2024,"Louisiana","County 2668","DEMOCRAT",1288
2024,"Maine","County 2669","REPUBLICAN",1561
2024,"Maine","County 2669","DEMOCRAT",582
2024,"Maryland","County 2670","REPUBLICAN",21122
2024,"Maryland","County 2670","DEMOCRAT",5157
2024,"Massachusetts","County 2671","REPUBLICAN",5564
2024,"Massachusetts","County 2671","DEMOCRAT",5651
2024,"Michigan","County 2672","REPUBLICAN",1192
2024,"Michigan","County 2672","DEMOCRAT",2379
2024,"Minnesota","County 2673","REPUBLICAN",3416
2024,"Minnesota","County 2673","DEMOCRAT",1400
2024,"Mississippi","County 2674","REPUBLICAN",30055
2024,"Mississippi","County 2674","DEMOCRAT",10149
2024,"Missouri","County 2675","REPUBLICAN",14454
2024,"Missouri","County 2675","DEMOCRAT",19248
2024,"Montana","County 2676","REPUBLICAN",2583
2024,"Montana","County 2676","DEMOCRAT",2035
2024,"Nebraska","County 2677","REPUBLICAN",558
2024,"Nebraska","County 2677","DEMOCRAT",428
2024,"Nevada","County 2678","REPUBLICAN",7260
2024,"Nevada","County 2678","DEMOCRAT",1666
2024,"New Hampshire","County 2679","REPUBLICAN",1113
2024,"New Hampshire","County 2679","DEMOCRAT",619
2024,"New Jersey","County 2680","REPUBLICAN",5039
2024,"New Jersey","County 2680","DEMOCRAT",4650
2024,"New Mexico","County 2681","REPUBLICAN",19092
2024,"New Mexico","County 2681","DEMOCRAT",11014
2024,"New York","County 2682","REPUBLICAN",14457
2024,"New York","County 2682","DEMOCRAT",4882
2024,"North Carolina","County 2683","REPUBLICAN",965
2024,"North Carolina","County 2683","DEMOCRAT",1237
2024,"North Dakota","County 2684","REPUBLICAN",16187
2024,"North Dakota","County 2684","DEMOCRAT",3684
2024,"Ohio","County 2685","REPUBLICAN",2242
2024,"Ohio","County 2685","DEMOCRAT",862
2024,"Oklahoma","County 2686","REPUBLICAN",3546
2024,"Oklahoma","County 2686","DEMOCRAT",4526
2024,"Oregon","County 2687","REPUBLICAN",29488
2024,"Oregon","County 2687","DEMOCRAT",12937
2024,"Pennsylvania","County 2688","REPUBLICAN",23315
2024,"Pennsylvania","County 2688","DEMOCRAT",9787
2024,"Rhode Island","County 2689","REPUBLICAN",36737
2024,"Rhode Island","County 2689","DEMOCRAT",18755
2024,"South Carolina","County 2690","REPUBLICAN",482
2024,"South Carolina","County 2690","DEMOCRAT",540
2024,"South Dakota","County 2691","REPUBLICAN",536
2024,"South Dakota","County 2691","DEMOCRAT",441
2024,"Tennessee","County 2692","REPUBLICAN",26884
2024,"Tennessee","County 2692","DEMOCRAT",16231
2024,"Texas","County 2693","REPUBLICAN",11656
2024,"Texas","County 2693","DEMOCRAT",3994
2024,"Utah","County 2694","REPUBLICAN",13373
2024,"Utah","County 2694","DEMOCRAT",11670
2024,"Vermont","County 2695","REPUBLICAN",39765
2024,"Vermont","County 2695","DEMOCRAT",20888
2024,"Virginia","County 2696","REPUBLICAN",5582
2024,"Virginia","County 2696","DEMOCRAT",6089
2024,"Washington","County 2697","REPUBLICAN",10881
2024,"Washington","County 2697","DEMOCRAT",4302
2024,"West Virginia","County 2698","REPUBLICAN",6363
2024,"West Virginia","County 2698","DEMOCRAT",3353
2024,"Wisconsin","County 2699","REPUBLICAN",4353
2024,"Wisconsin","County 2699","DEMOCRAT",2849
2024,"Wyoming","County 2700","REPUBLICAN",8413
2024,"Wyoming","County 2700","DEMOCRAT",22521
2024,"Alabama","County 2701","REPUBLICAN",46262
2024,"Alabama","County 2701","DEMOCRAT",17222
2024,"Alaska","County 2702","REPUBLICAN",1027
2024,"Alaska","County 2702","DEMOCRAT",1105
2024,"Arizona","County 2703","REPUBLICAN",1990
2024,"Arizona","County 2703","DEMOCRAT",975
2024,"Arkansas","County 2704","REPUBLICAN",1661
2024,"Arkansas","County 2704","DEMOCRAT",1252
2024,"California","County 2705","REPUBLICAN",8814
2024,"California","County 2705","DEMOCRAT",1779
2024,"Colorado","County 2706","REPUBLICAN",2873
2024,"Colorado","County 2706","DEMOCRAT",4116
2024,"Connecticut","County 2707","REPUBLICAN",888
2024,"Connecticut","County 2707","DEMOCRAT",1088
2024,"Delaware","County 2708","REPUBLICAN",14304
2024,"Delaware","County 2708","DEMOCRAT",1805
2024,"Florida","County 2709","REPUBLICAN",31236
2024,"Florida","County 2709","DEMOCRAT",17110
2024,"Georgia","County 2710","REPUBLICAN",25977
2024,"Georgia","County 2710","DEMOCRAT",4131
2024,"Hawaii","County 2711","REPUBLICAN",3697
2024,"Hawaii","County 2711","DEMOCRAT",9810
2024,"Idaho","County 2712","REPUBLICAN",73131
2024,"Idaho","County 2712","DEMOCRAT",54424
2024,"Illinois","County 2713","REPUBLICAN",7714
2024,"Illinois","County 2713","DEMOCRAT",13762
2024,"Indiana","County 2714","REPUBLICAN",67598
2024,"Indiana","County 2714","DEMOCRAT",24989
2024,"Iowa","County 2715","REPUBLICAN",188
2024,"Iowa","County 2715","DEMOCRAT",133
2024,"Kansas","County 2716","REPUBLICAN",3024
2024,"Kansas","County 2716","DEMOCRAT",1280
2024,"Kentucky","County 2717","REPUBLICAN",5165
2024,"Kentucky","County 2717","DEMOCRAT",4228
2024,"Louisiana","County 2718","REPUBLICAN",2732
2024,"Louisiana","County 2718","DEMOCRAT",1359
2024,"Maine","County 2719","REPUBLICAN",4429
2024,"Maine","County 2719","DEMOCRAT",1936
2024,"Maryland","County 2720","REPUBLICAN",6676
2024,"Maryland","County 2720","DEMOCRAT",6326
2024,"Massachusetts","County 2721","REPUBLICAN",3141
2024,"Massachusetts","County 2721","DEMOCRAT",1036
2024,"Michigan","County 2722","REPUBLICAN",3084
2024,"Michigan","County 2722","DEMOCRAT",1373
2024,"Minnesota","County 2723","REPUBLICAN",4345
2024,"Minnesota","County 2723","DEMOCRAT",5030
2024,"Mississippi","County 2724","REPUBLICAN",2343
2024,"Mississippi","County 2724","DEMOCRAT",746
2024,"Missouri","County 2725","REPUBLICAN",13389
2024,"Missouri","County 2725","DEMOCRAT",7121
2024,"Montana","County 2726","REPUBLICAN",719
2024,"Montana","County 2726","DEMOCRAT",662
2024,"Nebraska","County 2727","REPUBLICAN",19694
2024,"Nebraska","County 2727","DEMOCRAT",29934
2024,"Nevada","County 2728","REPUBLICAN",14837
2024,"Nevada","County 2728","DEMOCRAT",5499
2024,"New Hampshire","County 2729","REPUBLICAN",8126
2024,"New Hampshire","County 2729","DEMOCRAT",5254
2024,"New Jersey","County 2730","REPUBLICAN",677
2024,"New Jersey","County 2730","DEMOCRAT",129
2024,"New Mexico","County 2731","REPUBLICAN",3986
2024,"New Mexico","County 2731","DEMOCRAT",2423
2024,"New York","County 2732","REPUBLICAN",3899
2024,"New York","County 2732","DEMOCRAT",2994
2024,"North Carolina","County 2733","REPUBLICAN",24258
2024,"North Carolina","County 2733","DEMOCRAT",2879
2024,"North Dakota","County 2734","REPUBLICAN",1072
2024,"North Dakota","County 2734","DEMOCRAT",449
2024,"Ohio","County 2735","REPUBLICAN",10114
2024,"Ohio","County 2735","DEMOCRAT",3244
2024,"Oklahoma","County 2736","REPUBLICAN",3077
2024,"Oklahoma","County 2736","DEMOCRAT",3689
2024,"Oregon","County 2737","REPUBLICAN",6385
2024,"Oregon","County 2737","DEMOCRAT",2746
2024,"Pennsylvania","County 2738","REPUBLICAN",3438
2024,"Pennsylvania","County 2738","DEMOCRAT",875
2024,"Rhode Island","County 2739","REPUBLICAN",15848
2024,"Rhode Island","County 2739","DEMOCRAT",1702
2024,"South Carolina","County 2740","REPUBLICAN",3373
2024,"South Carolina","County 2740","DEMOCRAT",499
2024,"South Dakota","County 2741","REPUBLICAN",5925
2024,"South Dakota","County 2741","DEMOCRAT",5277
2024,"Tennessee","County 2742","REPUBLICAN",763
2024,"Tennessee","County 2742","DEMOCRAT",347
2024,"Texas","County 2743","REPUBLICAN",11390
2024,"Texas","County 2743","DEMOCRAT",4261
2024,"Utah","County 2744","REPUBLICAN",618
2024,"Utah","County 2744","DEMOCRAT",456
2024,"Vermont","County 2745","REPUBLICAN",10389
2024,"Vermont","County 2745","DEMOCRAT",6816
2024,"Virginia","County 2746","REPUBLICAN",14098
2024,"Virginia","County 2746","DEMOCRAT",5807
2024,"Washington","County 2747","REPUBLICAN",11718
2024,"Washington","County 2747","DEMOCRAT",5882
2024,"West Virginia","County 2748","REPUBLICAN",6632
2024,"West Virginia","County 2748","DEMOCRAT",2370
2024,"Wisconsin","County 2749","REPUBLICAN",1926
2024,"Wisconsin","County 2749","DEMOCRAT",2742
2024,"Wyoming","County 2750","REPUBLICAN",920
2024,"Wyoming","County 2750","DEMOCRAT",1767
2024,"Alabama","County 2751","REPUBLICAN",7308
2024,"Alabama","County 2751","DEMOCRAT",1666
2024,"Alaska","County 2752","REPUBLICAN",5982
2024,"Alaska","County 2752","DEMOCRAT",2944
2024,"Arizona","County 2753","REPUBLICAN",3097
2024,"Arizona","County 2753","DEMOCRAT",1596
2024,"Arkansas","County 2754","REPUBLICAN",6391
2024,"Arkansas","County 2754","DEMOCRAT",2187
2024,"California","County 2755","REPUBLICAN",1443
2024,"California","County 2755","DEMOCRAT",358
2024,"Colorado","County 2756","REPUBLICAN",91418
2024,"Colorado","County 2756","DEMOCRAT",62554
2024,"Connecticut","County 2757","REPUBLICAN",7246
2024,"Connecticut","County 2757","DEMOCRAT",3501
2024,"Delaware","County 2758","REPUBLICAN",2916
2024,"Delaware","County 2758","DEMOCRAT",756
2024,"Florida","County 2759","REPUBLICAN",2637
2024,"Florida","County 2759","DEMOCRAT",3038
2024,"Georgia","County 2760","REPUBLICAN",1444
2024,"Georgia","County 2760","DEMOCRAT",480
2024,"Hawaii","County 2761","REPUBLICAN",6415
2024,"Hawaii","County 2761","DEMOCRAT",3845
2024,"Idaho","County 2762","REPUBLICAN",45022
2024,"Idaho","County 2762","DEMOCRAT",8514
2024,"Illinois","County 2763","REPUBLICAN",10198
2024,"Illinois","County 2763","DEMOCRAT",6367
2024,"Indiana","County 2764","REPUBLICAN",9329
2024,"Indiana","County 2764","DEMOCRAT",6253
2024,"Iowa","County 2765","REPUBLICAN",4788
2024,"Iowa","County 2765","DEMOCRAT",3932
2024,"Kansas","County 2766","REPUBLICAN",1252
2024,"Kansas","County 2766","DEMOCRAT",1080
2024,"Kentucky","County 2767","REPUBLICAN",3496
2024,"Kentucky","County 2767","DEMOCRAT",1933
2024,"Louisiana","County 2768","REPUBLICAN",3110
2024,"Louisiana","County 2768","DEMOCRAT",735
2024,"Maine","County 2769","REPUBLICAN",7235
2024,"Maine","County 2769","DEMOCRAT",1612
2024,"Maryland","County 2770","REPUBLICAN",1662
2024,"Maryland","County 2770","DEMOCRAT",679
2024,"Massachusetts","County 2771","REPUBLICAN",22353
2024,"Massachusetts","County 2771","DEMOCRAT",5572
2024,"Michigan","County 2772","REPUBLICAN",15530
2024,"Michigan","County 2772","DEMOCRAT",4806
2024,"Minnesota","County 2773","REPUBLICAN",8951
2024,"Minnesota","County 2773","DEMOCRAT",8029
2024,"Mississippi","County 2774","REPUBLICAN",5269
2024,"Mississippi","County 2774","DEMOCRAT",6486
2024,"Missouri","County 2775","REPUBLICAN",13411
2024,"Missouri","County 2775","DEMOCRAT",2891
2024,"Montana","County 2776","REPUBLICAN",31194
2024,"Montana","County 2776","DEMOCRAT",5020
2024,"Nebraska","County 2777","REPUBLICAN",2648
2024,"Nebraska","County 2777","DEMOCRAT",745
2024,"Nevada","County 2778","REPUBLICAN",14459
2024,"Nevada","County 2778","DEMOCRAT",3295
2024,"New Hampshire","County 2779","REPUBLICAN",5277
2024,"New Hampshire","County 2779","DEMOCRAT",1684
2024,"New Jersey","County 2780","REPUBLICAN",12134
2024,"New Jersey","County 2780","DEMOCRAT",15230
2024,"New Mexico","County 2781","REPUBLICAN",5254
2024,"New Mexico","County 2781","DEMOCRAT",1329
2024,"New York","County 2782","REPUBLICAN",6758
2024,"New York","County 2782","DEMOCRAT",2793
2024,"North Carolina","County 2783","REPUBLICAN",1901
2024,"North Carolina","County 2783","DEMOCRAT",501
2024,"North Dakota","County 2784","REPUBLICAN",1495
2024,"North Dakota","County 2784","DEMOCRAT",1083
2024,"Ohio","County 2785","REPUBLICAN",32005
2024,"Ohio","County 2785","DEMOCRAT",6038
2024,"Oklahoma","County 2786","REPUBLICAN",15598
2024,"Oklahoma","County 2786","DEMOCRAT",9789
2024,"Oregon","County 2787","REPUBLICAN",43298
2024,"Oregon","County 2787","DEMOCRAT",17152
2024,"Pennsylvania","County 2788","REPUBLICAN",4715
2024,"Pennsylvania","County 2788","DEMOCRAT",3392
2024,"Rhode Island","County 2789","REPUBLICAN",1745
2024,"Rhode Island","County 2789","DEMOCRAT",1236
2024,"South Carolina","County 2790","REPUBLICAN",34814
2024,"South Carolina","County 2790","DEMOCRAT",29165
2024,"South Dakota","County 2791","REPUBLICAN",24951
2024,"South Dakota","County 2791","DEMOCRAT",10047
2024,"Tennessee","County 2792","REPUBLICAN",5433
2024,"Tennessee","County 2792","DEMOCRAT",2446
2024,"Texas","County 2793","REPUBLICAN",23657
2024,"Texas","County 2793","DEMOCRAT",12238
2024,"Utah","County 2794","REPUBLICAN",7112
2024,"Utah","County 2794","DEMOCRAT",1362
2024,"Vermont","County 2795","REPUBLICAN",999
2024,"Vermont","County 2795","DEMOCRAT",84
2024,"Virginia","County 2796","REPUBLICAN",26074
2024,"Virginia","County 2796","DEMOCRAT",32962
2024,"Washington","County 2797","REPUBLICAN",20471
2024,"Washington","County 2797","DEMOCRAT",6906
2024,"West Virginia","County 2798","REPUBLICAN",1405
2024,"West Virginia","County 2798","DEMOCRAT",1124
2024,"Wisconsin","County 2799","REPUBLICAN",2965
2024,"Wisconsin","County 2799","DEMOCRAT",5284
2024,"Wyoming","County 2800","REPUBLICAN",19531
2024,"Wyoming","County 2800","DEMOCRAT",4261
2024,"Alabama","County 2801","REPUBLICAN",1785
2024,"Alabama","County 2801","DEMOCRAT",1303
2024,"Alaska","County 2802","REPUBLICAN",4837
2024,"Alaska","County 2802","DEMOCRAT",6354
2024,"Arizona","County 2803","REPUBLICAN",348
2024,"Arizona","County 2803","DEMOCRAT",485
2024,"Arkansas","County 2804","REPUBLICAN",11431
2024,"Arkansas","County 2804","DEMOCRAT",3717
2024,"California","County 2805","REPUBLICAN",13610
2024,"California","County 2805","DEMOCRAT",6236
2024,"Colorado","County 2806","REPUBLICAN",1423
2024,"Colorado","County 2806","DEMOCRAT",1641
2024,"Connecticut","County 2807","REPUBLICAN",5864
2024,"Connecticut","County 2807","DEMOCRAT",2495
2024,"Delaware","County 2808","REPUBLICAN",785
2024,"Delaware","County 2808","DEMOCRAT",887
2024,"Florida","County 2809","REPUBLICAN",4715
2024,"Florida","County 2809","DEMOCRAT",4646
2024,"Georgia","County 2810","REPUBLICAN",502
2024,"Georgia","County 2810","DEMOCRAT",277
2024,"Hawaii","County 2811","REPUBLICAN",25304
2024,"Hawaii","County 2811","DEMOCRAT",12566
2024,"Idaho","County 2812","REPUBLICAN",13470
2024,"Idaho","County 2812","DEMOCRAT",28555
2024,"Illinois","County 2813","REPUBLICAN",1745
2024,"Illinois","County 2813","DEMOCRAT",554
2024,"Indiana","County 2814","REPUBLICAN",29420
2024,"Indiana","County 2814","DEMOCRAT",35726
2024,"Iowa","County 2815","REPUBLICAN",2580
2024,"Iowa","County 2815","DEMOCRAT",809
2024,"Kansas","County 2816","REPUBLICAN",5371
2024,"Kansas","County 2816","DEMOCRAT",1268
2024,"Kentucky","County 2817","REPUBLICAN",5030
2024,"Kentucky","County 2817","DEMOCRAT",2798
2024,"Louisiana","County 2818","REPUBLICAN",54091
2024,"Louisiana","County 2818","DEMOCRAT",9155
2024,"Maine","County 2819","REPUBLICAN",596
2024,"Maine","County 2819","DEMOCRAT",328
2024,"Maryland","County 2820","REPUBLICAN",2846
2024,"Maryland","County 2820","DEMOCRAT",2581
2024,"Massachusetts","County 2821","REPUBLICAN",623
2024,"Massachusetts","County 2821","DEMOCRAT",524
2024,"Michigan","County 2822","REPUBLICAN",19023
2024,"Michigan","County 2822","DEMOCRAT",9437
2024,"Minnesota","County 2823","REPUBLICAN",1400
2024,"Minnesota","County 2823","DEMOCRAT",495
2024,"Mississippi","County 2824","REPUBLICAN",90139
2024,"Mississippi","County 2824","DEMOCRAT",45007
2024,"Missouri","County 2825","REPUBLICAN",29323
2024,"Missouri","County 2825","DEMOCRAT",11669
2024,"Montana","County 2826","REPUBLICAN",15556
2024,"Montana","County 2826","DEMOCRAT",5475
2024,"Nebraska","County 2827","REPUBLICAN",972
2024,"Nebraska","County 2827","DEMOCRAT",343
2024,"Nevada","County 2828","REPUBLICAN",4464
2024,"Nevada","County 2828","DEMOCRAT",3855
2024,"New Hampshire","County 2829","REPUBLICAN",2001
2024,"New Hampshire","County 2829","DEMOCRAT",1413
2024,"New Jersey","County 2830","REPUBLICAN",1156
2024,"New Jersey","County 2830","DEMOCRAT",564
2024,"New Mexico","County 2831","REPUBLICAN",734
2024,"New Mexico","County 2831","DEMOCRAT",481
2024,"New York","County 2832","REPUBLICAN",1144
2024,"New York","County 2832","DEMOCRAT",665
2024,"North Carolina","County 2833","REPUBLICAN",4854
2024,"North Carolina","County 2833","DEMOCRAT",9262
2024,"North Dakota","County 2834","REPUBLICAN",20107
2024,"North Dakota","County 2834","DEMOCRAT",7396
2024,"Ohio","County 2835","REPUBLICAN",25038
2024,"Ohio","County 2835","DEMOCRAT",11431
2024,"Oklahoma","County 2836","REPUBLICAN",1401
2024,"Oklahoma","County 2836","DEMOCRAT",1047
2024,"Oregon","County 2837","REPUBLICAN",2791
2024,"Oregon","County 2837","DEMOCRAT",1100
2024,"Pennsylvania","County 2838","REPUBLICAN",4114
2024,"Pennsylvania","County 2838","DEMOCRAT",868
2024,"Rhode Island","County 2839","REPUBLICAN",11718
2024,"Rhode Island","County 2839","DEMOCRAT",11407
2024,"South Carolina","County 2840","REPUBLICAN",17862
2024,"South Carolina","County 2840","DEMOCRAT",6300
2024,"South Dakota","County 2841","REPUBLICAN",1065
2024,"South Dakota","County 2841","DEMOCRAT",650
2024,"Tennessee","County 2842","REPUBLICAN",362
2024,"Tennessee","County 2842","DEMOCRAT",101
2024,"Texas","County 2843","REPUBLICAN",11135
2024,"Texas","County 2843","DEMOCRAT",4432
2024,"Utah","County 2844","REPUBLICAN",5952
2024,"Utah","County 2844","DEMOCRAT",1947
2024,"Vermont","County 2845","REPUBLICAN",12531
2024,"Vermont","County 2845","DEMOCRAT",21267
2024,"Virginia","County 2846","REPUBLICAN",3023
2024,"Virginia","County 2846","DEMOCRAT",711
2024,"Washington","County 2847","REPUBLICAN",573
2024,"Washington","County 2847","DEMOCRAT",863
2024,"West Virginia","County 2848","REPUBLICAN",4826
2024,"West Virginia","County 2848","DEMOCRAT",4313
2024,"Wisconsin","County 2849","REPUBLICAN",2663
2024,"Wisconsin","County 2849","DEMOCRAT",1702
2024,"Wyoming","County 2850","REPUBLICAN",2469
2024,"Wyoming","County 2850","DEMOCRAT",1117
2024,"Alabama","County 2851","REPUBLICAN",964
2024,"Alabama","County 2851","DEMOCRAT",200
2024,"Alaska","County 2852","REPUBLICAN",25910
2024,"Alaska","County 2852","DEMOCRAT",14418
2024,"Arizona","County 2853","REPUBLICAN",5226
2024,"Arizona","County 2853","DEMOCRAT",2906
2024,"Arkansas","County 2854","REPUBLICAN",289
2024,"Arkansas","County 2854","DEMOCRAT",128
2024,"California","County 2855","REPUBLICAN",2534
2024,"California","County 2855","DEMOCRAT",360
2024,"Colorado","County 2856","REPUBLICAN",64777
2024,"Colorado","County 2856","DEMOCRAT",16827
2024,"Connecticut","County 2857","REPUBLICAN",1721
2024,"Connecticut","County 2857","DEMOCRAT",1378
2024,"Delaware","County 2858","REPUBLICAN",5695
2024,"Delaware","County 2858","DEMOCRAT",2825
2024,"Florida","County 2859","REPUBLICAN",1351
2024,"Florida","County 2859","DEMOCRAT",468
2024,"Georgia","County 2860","REPUBLICAN",5422
2024,"Georgia","County 2860","DEMOCRAT",2694
2024,"Hawaii","County 2861","REPUBLICAN",5542
2024,"Hawaii","County 2861","DEMOCRAT",1558
2024,"Idaho","County 2862","REPUBLICAN",207
2024,"Idaho","County 2862","DEMOCRAT",173
2024,"Illinois","County 2863","REPUBLICAN",916
2024,"Illinois","County 2863","DEMOCRAT",1072
2024,"Indiana","County 2864","REPUBLICAN",1342
2024,"Indiana","County 2864","DEMOCRAT",2066
2024,"Iowa","County 2865","REPUBLICAN",1004
2024,"Iowa","County 2865","DEMOCRAT",576
2024,"Kansas","County 2866","REPUBLICAN",3244
2024,"Kansas","County 2866","DEMOCRAT",1384
2024,"Kentucky","County 2867","REPUBLICAN",4086
2024,"Kentucky","County 2867","DEMOCRAT",3098
2024,"Louisiana","County 2868","REPUBLICAN",5075
2024,"Louisiana","County 2868","DEMOCRAT",3166
2024,"Maine","County 2869","REPUBLICAN",3381
2024,"Maine","County 2869","DEMOCRAT",4610
2024,"Maryland","County 2870","REPUBLICAN",4554
2024,"Maryland","County 2870","DEMOCRAT",1559
2024,"Massachusetts","County 2871","REPUBLICAN",2115
2024,"Massachusetts","County 2871","DEMOCRAT",207
2024,"Michigan","County 2872","REPUBLICAN",71753
2024,"Michigan","County 2872","DEMOCRAT",85662
2024,"Minnesota","County 2873","REPUBLICAN",10473
2024,"Minnesota","County 2873","DEMOCRAT",8141
2024,"Mississippi","County 2874","REPUBLICAN",15814
2024,"Mississippi","County 2874","DEMOCRAT",11288
2024,"Missouri","County 2875","REPUBLICAN",1028
2024,"Missouri","County 2875","DEMOCRAT",496
2024,"Montana","County 2876","REPUBLICAN",5450
2024,"Montana","County 2876","DEMOCRAT",1036
2024,"Nebraska","County 2877","REPUBLICAN",471
2024,"Nebraska","County 2877","DEMOCRAT",260
2024,"Nevada","County 2878","REPUBLICAN",2396
2024,"Nevada","County 2878","DEMOCRAT",1637
2024,"New Hampshire","County 2879","REPUBLICAN",7455
2024,"New Hampshire","County 2879","DEMOCRAT",7041
2024,"New Jersey","County 2880","REPUBLICAN",316
2024,"New Jersey","County 2880","DEMOCRAT",555
2024,"New Mexico","County 2881","REPUBLICAN",66056
2024,"New Mexico","County 2881","DEMOCRAT",105457
2024,"New York","County 2882","REPUBLICAN",39838
2024,"New York","County 2882","DEMOCRAT",10370
2024,"North Carolina","County 2883","REPUBLICAN",5646
2024,"North Carolina","County 2883","DEMOCRAT",3076
2024,"North Dakota","County 2884","REPUBLICAN",7555
2024,"North Dakota","County 2884","DEMOCRAT",1147
2024,"Ohio","County 2885","REPUBLICAN",7718
2024,"Ohio","County 2885","DEMOCRAT",3427
2024,"Oklahoma","County 2886","REPUBLICAN",15659
2024,"Oklahoma","County 2886","DEMOCRAT",7233
2024,"Oregon","County 2887","REPUBLICAN",14041
2024,"Oregon","County 2887","DEMOCRAT",6473
2024,"Pennsylvania","County 2888","REPUBLICAN",822
2024,"Pennsylvania","County 2888","DEMOCRAT",1330
2024,"Rhode Island","County 2889","REPUBLICAN",1818
2024,"Rhode Island","County 2889","DEMOCRAT",522
2024,"South Carolina","County 2890","REPUBLICAN",9928
2024,"South Carolina","County 2890","DEMOCRAT",5584
2024,"South Dakota","County 2891","REPUBLICAN",10691
2024,"South Dakota","County 2891","DEMOCRAT",9146
2024,"Tennessee","County 2892","REPUBLICAN",3111
2024,"Tennessee","County 2892","DEMOCRAT",501
2024,"Texas","County 2893","REPUBLICAN",6205
2024,"Texas","County 2893","DEMOCRAT",1212
2024,"Utah","County 2894","REPUBLICAN",23365
2024,"Utah","County 2894","DEMOCRAT",13122
2024,"Vermont","County 2895","REPUBLICAN",4028
2024,"Vermont","County 2895","DEMOCRAT",7641
2024,"Virginia","County 2896","REPUBLICAN",1278
2024,"Virginia","County 2896","DEMOCRAT",1123
2024,"Washington","County 2897","REPUBLICAN",1373
2024,"Washington","County 2897","DEMOCRAT",238
2024,"West Virginia","County 2898","REPUBLICAN",28280
2024,"West Virginia","County 2898","DEMOCRAT",17030
2024,"Wisconsin","County 2899","REPUBLICAN",2032
2024,"Wisconsin","County 2899","DEMOCRAT",2644
2024,"Wyoming","County 2900","REPUBLICAN",9981
2024,"Wyoming","County 2900","DEMOCRAT",6800
2024,"Alabama","County 2901","REPUBLICAN",2204
2024,"Alabama","County 2901","DEMOCRAT",321
2024,"Alaska","County 2902","REPUBLICAN",10333
2024,"Alaska","County 2902","DEMOCRAT",3629
2024,"Arizona","County 2903","REPUBLICAN",2626
2024,"Arizona","County 2903","DEMOCRAT",1043
2024,"Arkansas","County 2904","REPUBLICAN",4630
2024,"Arkansas","County 2904","DEMOCRAT",1505
2024,"California","County 2905","REPUBLICAN",2609
2024,"California","County 2905","DEMOCRAT",6008
2024,"Colorado","County 2906","REPUBLICAN",12418
2024,"Colorado","County 2906","DEMOCRAT",12886
2024,"Connecticut","County 2907","REPUBLICAN",2969
2024,"Connecticut","County 2907","DEMOCRAT",2474
2024,"Delaware","County 2908","REPUBLICAN",558
2024,"Delaware","County 2908","DEMOCRAT",514
2024,"Florida","County 2909","REPUBLICAN",4600
2024,"Florida","County 2909","DEMOCRAT",6482
2024,"Georgia","County 2910","REPUBLICAN",1944
2024,"Georgia","County 2910","DEMOCRAT",3131
2024,"Hawaii","County 2911","REPUBLICAN",2047
2024,"Hawaii","County 2911","DEMOCRAT",583
2024,"Idaho","County 2912","REPUBLICAN",1495
2024,"Idaho","County 2912","DEMOCRAT",1811
2024,"Illinois","County 2913","REPUBLICAN",24481
2024,"Illinois","County 2913","DEMOCRAT",12420
2024,"Indiana","County 2914","REPUBLICAN",5657
2024,"Indiana","County 2914","DEMOCRAT",5908
2024,"Iowa","County 2915","REPUBLICAN",1506
2024,"Iowa","County 2915","DEMOCRAT",1557
2024,"Kansas","County 2916","REPUBLICAN",7433
2024,"Kansas","County 2916","DEMOCRAT",3440
2024,"Kentucky","County 2917","REPUBLICAN",13579
2024,"Kentucky","County 2917","DEMOCRAT",4649
2024,"Louisiana","County 2918","REPUBLICAN",19897
2024,"Louisiana","County 2918","DEMOCRAT",7167
2024,"Maine","County 2919","REPUBLICAN",1009
2024,"Maine","County 2919","DEMOCRAT",475
2024,"Maryland","County 2920","REPUBLICAN",5395
2024,"Maryland","County 2920","DEMOCRAT",6278
2024,"Massachusetts","County 2921","REPUBLICAN",8849
2024,"Massachusetts","County 2921","DEMOCRAT",17629
2024,"Michigan","County 2922","REPUBLICAN",9598
2024,"Michigan","County 2922","DEMOCRAT",8024
2024,"Minnesota","County 2923","REPUBLICAN",3292
2024,"Minnesota","County 2923","DEMOCRAT",584
2024,"Mississippi","County 2924","REPUBLICAN",2804
2024,"Mississippi","County 2924","DEMOCRAT",1331
2024,"Missouri","County 2925","REPUBLICAN",5897
2024,"Missouri","County 2925","DEMOCRAT",5387
2024,"Montana","County 2926","REPUBLICAN",15641
2024,"Montana","County 2926","DEMOCRAT",13377
2024,"Nebraska","County 2927","REPUBLICAN",2566
2024,"Nebraska","County 2927","DEMOCRAT",1694
2024,"Nevada","County 2928","REPUBLICAN",5241
2024,"Nevada","County 2928","DEMOCRAT",2847
2024,"New Hampshire","County 2929","REPUBLICAN",5809
2024,"New Hampshire","County 2929","DEMOCRAT",960
2024,"New Jersey","County 2930","REPUBLICAN",2913
2024,"New Jersey","County 2930","DEMOCRAT",3072
2024,"New Mexico","County 2931","REPUBLICAN",1464
2024,"New Mexico","County 2931","DEMOCRAT",726
2024,"New York","County 2932","REPUBLICAN",1846
2024,"New York","County 2932","DEMOCRAT",1470
2024,"North Carolina","County 2933","REPUBLICAN",2188
2024,"North Carolina","County 2933","DEMOCRAT",2449
2024,"North Dakota","County 2934","REPUBLICAN",14966
2024,"North Dakota","County 2934","DEMOCRAT",3385
2024,"Ohio","County 2935","REPUBLICAN",2394
2024,"Ohio","County 2935","DEMOCRAT",524
2024,"Oklahoma","County 2936","REPUBLICAN",480
2024,"Oklahoma","County 2936","DEMOCRAT",1097
2024,"Oregon","County 2937","REPUBLICAN",7327
2024,"Oregon","County 2937","DEMOCRAT",673
2024,"Pennsylvania","County 2938","REPUBLICAN",6404
2024,"Pennsylvania","County 2938","DEMOCRAT",5635
2024,"Rhode Island","County 2939","REPUBLICAN",17439
2024,"Rhode Island","County 2939","DEMOCRAT",5246
2024,"South Carolina","County 2940","REPUBLICAN",4697
2024,"South Carolina","County 2940","DEMOCRAT",717
2024,"South Dakota","County 2941","REPUBLICAN",73988
2024,"South Dakota","County 2941","DEMOCRAT",33876
2024,"Tennessee","County 2942","REPUBLICAN",2728
2024,"Tennessee","County 2942","DEMOCRAT",638
2024,"Texas","County 2943","REPUBLICAN",13740
2024,"Texas","County 2943","DEMOCRAT",7865
2024,"Utah","County 2944","REPUBLICAN",534
2024,"Utah","County 2944","DEMOCRAT",1395
2024,"Vermont","County 2945","REPUBLICAN",2803
2024,"Vermont","County 2945","DEMOCRAT",5272
2024,"Virginia","County 2946","REPUBLICAN",46751
2024,"Virginia","County 2946","DEMOCRAT",23631
2024,"Washington","County 2947","REPUBLICAN",3089
2024,"Washington","County 2947","DEMOCRAT",1923
2024,"West Virginia","County 2948","REPUBLICAN",2138
2024,"West Virginia","County 2948","DEMOCRAT",1742
2024,"Wisconsin","County 2949","REPUBLICAN",12463
2024,"Wisconsin","County 2949","DEMOCRAT",4910
2024,"Wyoming","County 2950","REPUBLICAN",7579
2024,"Wyoming","County 2950","DEMOCRAT",3588
2024,"Alabama","County 2951","REPUBLICAN",701
2024,"Alabama","County 2951","DEMOCRAT",585
2024,"Alaska","County 2952","REPUBLICAN",1986
2024,"Alaska","County 2952","DEMOCRAT",1367
2024,"Arizona","County 2953","REPUBLICAN",81448
2024,"Arizona","County 2953","DEMOCRAT",66400
2024,"Arkansas","County 2954","REPUBLICAN",8495
2024,"Arkansas","County 2954","DEMOCRAT",1568
2024,"California","County 2955","REPUBLICAN",4668
2024,"California","County 2955","DEMOCRAT",2813
2024,"Colorado","County 2956","REPUBLICAN",2119
2024,"Colorado","County 2956","DEMOCRAT",788
2024,"Connecticut","County 2957","REPUBLICAN",1727
2024,"Connecticut","County 2957","DEMOCRAT",2079
2024,"Delaware","County 2958","REPUBLICAN",3112
2024,"Delaware","County 2958","DEMOCRAT",6376
2024,"Florida","County 2959","REPUBLICAN",2160
2024,"Florida","County 2959","DEMOCRAT",1735
2024,"Georgia","County 2960","REPUBLICAN",3809
2024,"Georgia","County 2960","DEMOCRAT",4270
2024,"Hawaii","County 2961","REPUBLICAN",7672
2024,"Hawaii","County 2961","DEMOCRAT",5167
2024,"Idaho","County 2962","REPUBLICAN",9396
2024,"Idaho","County 2962","DEMOCRAT",4567
2024,"Illinois","County 2963","REPUBLICAN",9442
2024,"Illinois","County 2963","DEMOCRAT",4353
2024,"Indiana","County 2964","REPUBLICAN",32247
2024,"Indiana","County 2964","DEMOCRAT",31466
2024,"Iowa","County 2965","REPUBLICAN",6405
2024,"Iowa","County 2965","DEMOCRAT",3184
2024,"Kansas","County 2966","REPUBLICAN",2606
2024,"Kansas","County 2966","DEMOCRAT",864
2024,"Kentucky","County 2967","REPUBLICAN",13587
2024,"Kentucky","County 2967","DEMOCRAT",773
2024,"Louisiana","County 2968","REPUBLICAN",8333
2024,"Louisiana","County 2968","DEMOCRAT",6372
2024,"Maine","County 2969","REPUBLICAN",6531
2024,"Maine","County 2969","DEMOCRAT",2584
2024,"Maryland","County 2970","REPUBLICAN",32817
2024,"Maryland","County 2970","DEMOCRAT",22220
2024,"Massachusetts","County 2971","REPUBLICAN",2256
2024,"Massachusetts","County 2971","DEMOCRAT",4211
2024,"Michigan","County 2972","REPUBLICAN",8528
2024,"Michigan","County 2972","DEMOCRAT",3984
2024,"Minnesota","County 2973","REPUBLICAN",4530
2024,"Minnesota","County 2973","DEMOCRAT",2535
2024,"Mississippi","County 2974","REPUBLICAN",3811
2024,"Mississippi","County 2974","DEMOCRAT",2706
2024,"Missouri","County 2975","REPUBLICAN",3922
2024,"Missouri","County 2975","DEMOCRAT",5171
2024,"Montana","County 2976","REPUBLICAN",9896
2024,"Montana","County 2976","DEMOCRAT",2883
2024,"Nebraska","County 2977","REPUBLICAN",6118
2024,"Nebraska","County 2977","DEMOCRAT",1057
2024,"Nevada","County 2978","REPUBLICAN",2904
2024,"Nevada","County 2978","DEMOCRAT",2078
2024,"New Hampshire","County 2979","REPUBLICAN",2504
2024,"New Hampshire","County 2979","DEMOCRAT",4248
2024,"New Jersey","County 2980","REPUBLICAN",7650
2024,"New Jersey","County 2980","DEMOCRAT",4667
2024,"New Mexico","County 2981","REPUBLICAN",8675
2024,"New Mexico","County 2981","DEMOCRAT",2093
2024,"New York","County 2982","REPUBLICAN",5600
2024,"New York","County 2982","DEMOCRAT",4176
2024,"North Carolina","County 2983","REPUBLICAN",3794
2024,"North Carolina","County 2983","DEMOCRAT",1685
2024,"North Dakota","County 2984","REPUBLICAN",5382
2024,"North Dakota","County 2984","DEMOCRAT",1344
2024,"Ohio","County 2985","REPUBLICAN",11534
2024,"Ohio","County 2985","DEMOCRAT",7705
2024,"Oklahoma","County 2986","REPUBLICAN",47206
2024,"Oklahoma","County 2986","DEMOCRAT",36312
2024,"Oregon","County 2987","REPUBLICAN",1549
2024,"Oregon","County 2987","DEMOCRAT",777
2024,"Pennsylvania","County 2988","REPUBLICAN",19952
2024,"Pennsylvania","County 2988","DEMOCRAT",6485
2024,"Rhode Island","County 2989","REPUBLICAN",2302
2024,"Rhode Island","County 2989","DEMOCRAT",922
2024,"South Carolina","County 2990","REPUBLICAN",6426
2024,"South Carolina","County 2990","DEMOCRAT",9182
2024,"South Dakota","County 2991","REPUBLICAN",1611
2024,"South Dakota","County 2991","DEMOCRAT",2480
2024,"Tennessee","County 2992","REPUBLICAN",3285
2024,"Tennessee","County 2992","DEMOCRAT",1698
2024,"Texas","County 2993","REPUBLICAN",1041
2024,"Texas","County 2993","DEMOCRAT",1363
2024,"Utah","County 2994","REPUBLICAN",7489
2024,"Utah","County 2994","DEMOCRAT",3693
2024,"Vermont","County 2995","REPUBLICAN",3341
2024,"Vermont","County 2995","DEMOCRAT",2628
2024,"Virginia","County 2996","REPUBLICAN",2826
2024,"Virginia","County 2996","DEMOCRAT",1276
2024,"Washington","County 2997","REPUBLICAN",598
2024,"Washington","County 2997","DEMOCRAT",767
2024,"West Virginia","County 2998","REPUBLICAN",22542
2024,"West Virginia","County 2998","DEMOCRAT",23004
2024,"Wisconsin","County 2999","REPUBLICAN",18313
2024,"Wisconsin","County 2999","DEMOCRAT",6593
2024,"Wyoming","County 3000","REPUBLICAN",8666
2024,"Wyoming","County 3000","DEMOCRAT",1694
2024,"Alabama","County 3001","REPUBLICAN",3552
2024,"Alabama","County 3001","DEMOCRAT",1717
2024,"Alaska","County 3002","REPUBLICAN",3864
2024,"Alaska","County 3002","DEMOCRAT",2124
2024,"Arizona","County 3003","REPUBLICAN",4378
2024,"Arizona","County 3003","DEMOCRAT",5957
2024,"Arkansas","County 3004","REPUBLICAN",19434
2024,"Arkansas","County 3004","DEMOCRAT",13400
2024,"California","County 3005","REPUBLICAN",3175
2024,"California","County 3005","DEMOCRAT",2532
2024,"Colorado","County 3006","REPUBLICAN",6468
2024,"Colorado","County 3006","DEMOCRAT",5623
2024,"Connecticut","County 3007","REPUBLICAN",15599
2024,"Connecticut","County 3007","DEMOCRAT",8197
2024,"Delaware","County 3008","REPUBLICAN",2231
2024,"Delaware","County 3008","DEMOCRAT",903
2024,"Florida","County 3009","REPUBLICAN",2819
2024,"Florida","County 3009","DEMOCRAT",1967
2024,"Georgia","County 3010","REPUBLICAN",9375
2024,"Georgia","County 3010","DEMOCRAT",3261
2024,"Hawaii","County 3011","REPUBLICAN",5910
2024,"Hawaii","County 3011","DEMOCRAT",2184
2024,"Idaho","County 3012","REPUBLICAN",31230
2024,"Idaho","County 3012","DEMOCRAT",20784
2024,"Illinois","County 3013","REPUBLICAN",3842
2024,"Illinois","County 3013","DEMOCRAT",2037
2024,"Indiana","County 3014","REPUBLICAN",3536
2024,"Indiana","County 3014","DEMOCRAT",1595
2024,"Iowa","County 3015","REPUBLICAN",2309
2024,"Iowa","County 3015","DEMOCRAT",544
2024,"Kansas","County 3016","REPUBLICAN",2395
2024,"Kansas","County 3016","DEMOCRAT",1898
2024,"Kentucky","County 3017","REPUBLICAN",7603
2024,"Kentucky","County 3017","DEMOCRAT",3553
2024,"Louisiana","County 3018","REPUBLICAN",23435
2024,"Louisiana","County 3018","DEMOCRAT",3907
2024,"Maine","County 3019","REPUBLICAN",1458
2024,"Maine","County 3019","DEMOCRAT",292
2024,"Maryland","County 3020","REPUBLICAN",6741
2024,"Maryland","County 3020","DEMOCRAT",1699
2024,"Massachusetts","County 3021","REPUBLICAN",16136
2024,"Massachusetts","County 3021","DEMOCRAT",19666
2024,"Michigan","County 3022","REPUBLICAN",13254
2024,"Michigan","County 3022","DEMOCRAT",5060
2024,"Minnesota","County 3023","REPUBLICAN",2549
2024,"Minnesota","County 3023","DEMOCRAT",682
2024,"Mississippi","County 3024","REPUBLICAN",39726
2024,"Mississippi","County 3024","DEMOCRAT",8960
2024,"Missouri","County 3025","REPUBLICAN",4261
2024,"Missouri","County 3025","DEMOCRAT",1475
2024,"Montana","County 3026","REPUBLICAN",6381
2024,"Montana","County 3026","DEMOCRAT",2058
2024,"Nebraska","County 3027","REPUBLICAN",10846
2024,"Nebraska","County 3027","DEMOCRAT",4195
2024,"Nevada","County 3028","REPUBLICAN",9096
2024,"Nevada","County 3028","DEMOCRAT",4688
2024,"New Hampshire","County 3029","REPUBLICAN",6517
2024,"New Hampshire","County 3029","DEMOCRAT",4527
2024,"New Jersey","County 3030","REPUBLICAN",13780
2024,"New Jersey","County 3030","DEMOCRAT",6178
2024,"New Mexico","County 3031","REPUBLICAN",1971
2024,"New Mexico","County 3031","DEMOCRAT",1629
2024,"New York","County 3032","REPUBLICAN",3303
2024,"New York","County 3032","DEMOCRAT",3708
2024,"North Carolina","County 3033","REPUBLICAN",1181
2024,"North Carolina","County 3033","DEMOCRAT",534
2024,"North Dakota","County 3034","REPUBLICAN",3794
2024,"North Dakota","County 3034","DEMOCRAT",2113
2024,"Ohio","County 3035","REPUBLICAN",2056
2024,"Ohio","County 3035","DEMOCRAT",4014
2024,"Oklahoma","County 3036","REPUBLICAN",30595
2024,"Oklahoma","County 3036","DEMOCRAT",22849
2024,"Oregon","County 3037","REPUBLICAN",162889
2024,"Oregon","County 3037","DEMOCRAT",176430
2024,"Pennsylvania","County 3038","REPUBLICAN",28467
2024,"Pennsylvania","County 3038","DEMOCRAT",20725
2024,"Rhode Island","County 3039","REPUBLICAN",5768
2024,"Rhode Island","County 3039","DEMOCRAT",945
2024,"South Carolina","County 3040","REPUBLICAN",675
2024,"South Carolina","County 3040","DEMOCRAT",876
2024,"South Dakota","County 3041","REPUBLICAN",11544
2024,"South Dakota","County 3041","DEMOCRAT",15737
2024,"Tennessee","County 3042","REPUBLICAN",2436
2024,"Tennessee","County 3042","DEMOCRAT",716
2024,"Texas","County 3043","REPUBLICAN",14488
2024,"Texas","County 3043","DEMOCRAT",18843
2024,"Utah","County 3044","REPUBLICAN",5119
2024,"Utah","County 3044","DEMOCRAT",1968
2024,"Vermont","County 3045","REPUBLICAN",10489
2024,"Vermont","County 3045","DEMOCRAT",2524
2024,"Virginia","County 3046","REPUBLICAN",1315
2024,"Virginia","County 3046","DEMOCRAT",1138
2024,"Washington","County 3047","REPUBLICAN",3928
2024,"Washington","County 3047","DEMOCRAT",6117
2024,"West Virginia","County 3048","REPUBLICAN",1648
2024,"West Virginia","County 3048","DEMOCRAT",173
2024,"Wisconsin","County 3049","REPUBLICAN",1139
2024,"Wisconsin","County 3049","DEMOCRAT",1781
2024,"Wyoming","County 3050","REPUBLICAN",1109
2024,"Wyoming","County 3050","DEMOCRAT",1890
2024,"Alabama","County 3051","REPUBLICAN",15660
2024,"Alabama","County 3051","DEMOCRAT",11670
2024,"Alaska","County 3052","REPUBLICAN",3904
2024,"Alaska","County 3052","DEMOCRAT",871
2024,"Arizona","County 3053","REPUBLICAN",1448
2024,"Arizona","County 3053","DEMOCRAT",462
2024,"Arkansas","County 3054","REPUBLICAN",4776
2024,"Arkansas","County 3054","DEMOCRAT",1113
2024,"California","County 3055","REPUBLICAN",24426
2024,"California","County 3055","DEMOCRAT",6376
2024,"Colorado","County 3056","REPUBLICAN",7073
2024,"Colorado","County 3056","DEMOCRAT",9701
2024,"Connecticut","County 3057","REPUBLICAN",9766
2024,"Connecticut","County 3057","DEMOCRAT",7132
2024,"Delaware","County 3058","REPUBLICAN",2551
2024,"Delaware","County 3058","DEMOCRAT",1098
2024,"Florida","County 3059","REPUBLICAN",3114
2024,"Florida","County 3059","DEMOCRAT",2726
2024,"Georgia","County 3060","REPUBLICAN",71992
2024,"Georgia","County 3060","DEMOCRAT",28061
2024,"Hawaii","County 3061","REPUBLICAN",14015
2024,"Hawaii","County 3061","DEMOCRAT",6300
2024,"Idaho","County 3062","REPUBLICAN",8514
2024,"Idaho","County 3062","DEMOCRAT",12714
2024,"Illinois","County 3063","REPUBLICAN",424
2024,"Illinois","County 3063","DEMOCRAT",288
2024,"Indiana","County 3064","REPUBLICAN",4779
2024,"Indiana","County 3064","DEMOCRAT",3013
2024,"Iowa","County 3065","REPUBLICAN",940
2024,"Iowa","County 3065","DEMOCRAT",979
2024,"Kansas","County 3066","REPUBLICAN",1493
2024,"Kansas","County 3066","DEMOCRAT",581
2024,"Kentucky","County 3067","REPUBLICAN",339
2024,"Kentucky","County 3067","DEMOCRAT",508
2024,"Louisiana","County 3068","REPUBLICAN",15678
2024,"Louisiana","County 3068","DEMOCRAT",9919
2024,"Maine","County 3069","REPUBLICAN",6049
2024,"Maine","County 3069","DEMOCRAT",1557
2024,"Maryland","County 3070","REPUBLICAN",6554
2024,"Maryland","County 3070","DEMOCRAT",3097
2024,"Massachusetts","County 3071","REPUBLICAN",2326
2024,"Massachusetts","County 3071","DEMOCRAT",1148
2024,"Michigan","County 3072","REPUBLICAN",13029
2024,"Michigan","County 3072","DEMOCRAT",5032
2024,"Minnesota","County 3073","REPUBLICAN",4528
2024,"Minnesota","County 3073","DEMOCRAT",2382
2024,"Mississippi","County 3074","REPUBLICAN",5260
2024,"Mississippi","County 3074","DEMOCRAT",3035
2024,"Missouri","County 3075","REPUBLICAN",47482
2024,"Missouri","County 3075","DEMOCRAT",10917
2024,"Montana","County 3076","REPUBLICAN",5598
2024,"Montana","County 3076","DEMOCRAT",7441
2024,"Nebraska","County 3077","REPUBLICAN",7045
2024,"Nebraska","County 3077","DEMOCRAT",2112
2024,"Nevada","County 3078","REPUBLICAN",1359
2024,"Nevada","County 3078","DEMOCRAT",1997
2024,"New Hampshire","County 3079","REPUBLICAN",1806
2024,"New Hampshire","County 3079","DEMOCRAT",690
2024,"New Jersey","County 3080","REPUBLICAN",12794
2024,"New Jersey","County 3080","DEMOCRAT",12787
2024,"New Mexico","County 3081","REPUBLICAN",43379
2024,"New Mexico","County 3081","DEMOCRAT",6066
2024,"New York","County 3082","REPUBLICAN",2349
2024,"New York","County 3082","DEMOCRAT",254
2024,"North Carolina","County 3083","REPUBLICAN",3995
2024,"North Carolina","County 3083","DEMOCRAT",2809
2024,"North Dakota","County 3084","REPUBLICAN",5140
2024,"North Dakota","County 3084","DEMOCRAT",2234
2024,"Ohio","County 3085","REPUBLICAN",136979
2024,"Ohio","County 3085","DEMOCRAT",114513
2024,"Oklahoma","County 3086","REPUBLICAN",2001
2024,"Oklahoma","County 3086","DEMOCRAT",2480
2024,"Oregon","County 3087","REPUBLICAN",1357
2024,"Oregon","County 3087","DEMOCRAT",2926
2024,"Pennsylvania","County 3088","REPUBLICAN",65342
2024,"Pennsylvania","County 3088","DEMOCRAT",16007
2024,"Rhode Island","County 3089","REPUBLICAN",4562
2024,"Rhode Island","County 3089","DEMOCRAT",1252
2024,"South Carolina","County 3090","REPUBLICAN",14226
2024,"South Carolina","County 3090","DEMOCRAT",7732
2024,"South Dakota","County 3091","REPUBLICAN",952
2024,"South Dakota","County 3091","DEMOCRAT",402
2024,"Tennessee","County 3092","REPUBLICAN",8786
2024,"Tennessee","County 3092","DEMOCRAT",4525
2024,"Texas","County 3093","REPUBLICAN",55578
2024,"Texas","County 3093","DEMOCRAT",20024
2024,"Utah","County 3094","REPUBLICAN",1025
2024,"Utah","County 3094","DEMOCRAT",940
2024,"Vermont","County 3095","REPUBLICAN",8669
2024,"Vermont","County 3095","DEMOCRAT",20932
2024,"Virginia","County 3096","REPUBLICAN",3487
2024,"Virginia","County 3096","DEMOCRAT",773
2024,"Washington","County 3097","REPUBLICAN",20451
2024,"Washington","County 3097","DEMOCRAT",15208
2024,"West Virginia","County 3098","REPUBLICAN",7353
2024,"West Virginia","County 3098","DEMOCRAT",3991
2024,"Wisconsin","County 3099","REPUBLICAN",6441
2024,"Wisconsin","County 3099","DEMOCRAT",5946
2024,"Wyoming","County 3100","REPUBLICAN",11484
2024,"Wyoming","County 3100","DEMOCRAT",2282
2024,"Alabama","County 3101","REPUBLICAN",6751
2024,"Alabama","County 3101","DEMOCRAT",2788
2024,"Alaska","County 3102","REPUBLICAN",4590
2024,"Alaska","County 3102","DEMOCRAT",9043
2024,"Arizona","County 3103","REPUBLICAN",5075
2024,"Arizona","County 3103","DEMOCRAT",4853
2024,"Arkansas","County 3104","REPUBLICAN",5052
2024,"Arkansas","County 3104","DEMOCRAT",3743
2024,"California","County 3105","REPUBLICAN",17256
2024,"California","County 3105","DEMOCRAT",5298
2024,"Colorado","County 3106","REPUBLICAN",16474
2024,"Colorado","County 3106","DEMOCRAT",12510
2024,"Connecticut","County 3107","REPUBLICAN",14410
2024,"Connecticut","County 3107","DEMOCRAT",8562
2024,"Delaware","County 3108","REPUBLICAN",3408
2024,"Delaware","County 3108","DEMOCRAT",941
2024,"Florida","County 3109","REPUBLICAN",16771
2024,"Florida","County 3109","DEMOCRAT",15579
2024,"Georgia","County 3110","REPUBLICAN",1080
2024,"Georgia","County 3110","DEMOCRAT",590
2024,"Hawaii","County 3111","REPUBLICAN",72314
2024,"Hawaii","County 3111","DEMOCRAT",29143
2024,"Idaho","County 3112","REPUBLICAN",3108
2024,"Idaho","County 3112","DEMOCRAT",877
2024,"Illinois","County 3113","REPUBLICAN",4788
2024,"Illinois","County 3113","DEMOCRAT",3314
2024,"Indiana","County 3114","REPUBLICAN",2046
2024,"Indiana","County 3114","DEMOCRAT",937
2024,"Iowa","County 3115","REPUBLICAN",8903
2024,"Iowa","County 3115","DEMOCRAT",3347
2024,"Kansas","County 3116","REPUBLICAN",63344
2024,"Kansas","County 3116","DEMOCRAT",11827
2024,"Kentucky","County 3117","REPUBLICAN",2578
2024,"Kentucky","County 3117","DEMOCRAT",1271
2024,"Louisiana","County 3118","REPUBLICAN",8861
2024,"Louisiana","County 3118","DEMOCRAT",1040
2024,"Maine","County 3119","REPUBLICAN",5445
2024,"Maine","County 3119","DEMOCRAT",5740
2024,"Maryland","County 3120","REPUBLICAN",877
2024,"Maryland","County 3120","DEMOCRAT",318
2024,"Massachusetts","County 3121","REPUBLICAN",3293
2024,"Massachusetts","County 3121","DEMOCRAT",4599
2024,"Michigan","County 3122","REPUBLICAN",13732
2024,"Michigan","County 3122","DEMOCRAT",10194
2024,"Minnesota","County 3123","REPUBLICAN",1078
2024,"Minnesota","County 3123","DEMOCRAT",854
2024,"Mississippi","County 3124","REPUBLICAN",17120
2024,"Mississippi","County 3124","DEMOCRAT",6627
2024,"Missouri","County 3125","REPUBLICAN",6959
2024,"Missouri","County 3125","DEMOCRAT",2793
2024,"Montana","County 3126","REPUBLICAN",17729
2024,"Montana","County 3126","DEMOCRAT",11695
2024,"Nebraska","County 3127","REPUBLICAN",6144
2024,"Nebraska","County 3127","DEMOCRAT",1592
2024,"Nevada","County 3128","REPUBLICAN",7071
2024,"Nevada","County 3128","DEMOCRAT",3069
2024,"New Hampshire","County 3129","REPUBLICAN",5612
2024,"New Hampshire","County 3129","DEMOCRAT",3721
2024,"New Jersey","County 3130","REPUBLICAN",1491
2024,"New Jersey","County 3130","DEMOCRAT",511
2024,"New Mexico","County 3131","REPUBLICAN",17063
2024,"New Mexico","County 3131","DEMOCRAT",10512
2024,"New York","County 3132","REPUBLICAN",22068
2024,"New York","County 3132","DEMOCRAT",5146
2024,"North Carolina","County 3133","REPUBLICAN",932
2024,"North Carolina","County 3133","DEMOCRAT",803
2024,"North Dakota","County 3134","REPUBLICAN",2896
2024,"North Dakota","County 3134","DEMOCRAT",6982
2024,"Ohio","County 3135","REPUBLICAN",10715
2024,"Ohio","County 3135","DEMOCRAT",1752
2024,"Oklahoma","County 3136","REPUBLICAN",7370
2024,"Oklahoma","County 3136","DEMOCRAT",5451
2024,"Oregon","County 3137","REPUBLICAN",13225
2024,"Oregon","County 3137","DEMOCRAT",6309
2024,"Pennsylvania","County 3138","REPUBLICAN",4033
2024,"Pennsylvania","County 3138","DEMOCRAT",3638
2024,"Rhode Island","County 3139","REPUBLICAN",36463
2024,"Rhode Island","County 3139","DEMOCRAT",15850
2024,"South Carolina","County 3140","REPUBLICAN",6091
2024,"South Carolina","County 3140","DEMOCRAT",4280
2024,"South Dakota","County 3141","REPUBLICAN",2040
2024,"South Dakota","County 3141","DEMOCRAT",834
2024,"Tennessee","County 3142","REPUBLICAN",9618
2024,"Tennessee","County 3142","DEMOCRAT",3595
2024,"Texas","County 3143","REPUBLICAN",1315
2024,"Texas","County 3143","DEMOCRAT",601
2024,"Utah","County 3144","REPUBLICAN",1592
2024,"Utah","County 3144","DEMOCRAT",442
2024,"Vermont","County 3145","REPUBLICAN",3280
2024,"Vermont","County 3145","DEMOCRAT",1293
2024,"Virginia","County 3146","REPUBLICAN",17506
2024,"Virginia","County 3146","DEMOCRAT",3524
2024,"Washington","County 3147","REPUBLICAN",3225
2024,"Washington","County 3147","DEMOCRAT",1297
2024,"West Virginia","County 3148","REPUBLICAN",9723
2024,"West Virginia","County 3148","DEMOCRAT",4131
2024,"Wisconsin","County 3149","REPUBLICAN",8108
2024,"Wisconsin","County 3149","DEMOCRAT",4211
2024,"Wyoming","County 3150","REPUBLICAN",55198
2024,"Wyoming","County 3150","DEMOCRAT",17410
2024,"Alabama","County 3151","REPUBLICAN",1033
2024,"Alabama","County 3151","DEMOCRAT",2025
2024,"Alaska","County 3152","REPUBLICAN",5351
2024,"Alaska","County 3152","DEMOCRAT",1854
2024,"Arizona","County 3153","REPUBLICAN",2992
2024,"Arizona","County 3153","DEMOCRAT",952
2024,"Arkansas","County 3154","REPUBLICAN",9060
2024,"Arkansas","County 3154","DEMOCRAT",3619
2024,"California","County 3155","REPUBLICAN",1252
2024,"California","County 3155","DEMOCRAT",474
2024,"Colorado","County 3156","REPUBLICAN",9162
2024,"Colorado","County 3156","DEMOCRAT",12168
2024,"Connecticut","County 3157","REPUBLICAN",48226
2024,"Connecticut","County 3157","DEMOCRAT",14603
2024,"Delaware","County 3158","REPUBLICAN",3944
2024,"Delaware","County 3158","DEMOCRAT",1242
2024,"Florida","County 3159","REPUBLICAN",835
2024,"Florida","County 3159","DEMOCRAT",1043
2024,"Georgia","County 3160","REPUBLICAN",38655
2024,"Georgia","County 3160","DEMOCRAT",35405
2024,"Hawaii","County 3161","REPUBLICAN",595
2024,"Hawaii","County 3161","DEMOCRAT",294
2024,"Idaho","County 3162","REPUBLICAN",973
2024,"Idaho","County 3162","DEMOCRAT",684
2024,"Illinois","County 3163","REPUBLICAN",5414
2024,"Illinois","County 3163","DEMOCRAT",1843
2024,"Indiana","County 3164","REPUBLICAN",7022
2024,"Indiana","County 3164","DEMOCRAT",6337
2024,"Iowa","County 3165","REPUBLICAN",36736
2024,"Iowa","County 3165","DEMOCRAT",7057
2024,"Kansas","County 3166","REPUBLICAN",16046
2024,"Kansas","County 3166","DEMOCRAT",1017
2024,"Kentucky","County 3167","REPUBLICAN",2208
2024,"Kentucky","County 3167","DEMOCRAT",2589
2024,"Louisiana","County 3168","REPUBLICAN",2311
2024,"Louisiana","County 3168","DEMOCRAT",1579
2024,"Maine","County 3169","REPUBLICAN",8180
2024,"Maine","County 3169","DEMOCRAT",3094
2024,"Maryland","County 3170","REPUBLICAN",4124
2024,"Maryland","County 3170","DEMOCRAT",513
2024,"Massachusetts","County 3171","REPUBLICAN",5289
2024,"Massachusetts","County 3171","DEMOCRAT",2189
2024,"Michigan","County 3172","REPUBLICAN",1653
2024,"Michigan","County 3172","DEMOCRAT",762
2024,"Minnesota","County 3173","REPUBLICAN",5613
2024,"Minnesota","County 3173","DEMOCRAT",30449
2024,"Mississippi","County 3174","REPUBLICAN",3809
2024,"Mississippi","County 3174","DEMOCRAT",938
2024,"Missouri","County 3175","REPUBLICAN",1523
2024,"Missouri","County 3175","DEMOCRAT",2017
2024,"Montana","County 3176","REPUBLICAN",767
2024,"Montana","County 3176","DEMOCRAT",329
2024,"Nebraska","County 3177","REPUBLICAN",1103
2024,"Nebraska","County 3177","DEMOCRAT",328
2024,"Nevada","County 3178","REPUBLICAN",643
2024,"Nevada","County 3178","DEMOCRAT",790
2024,"New Hampshire","County 3179","REPUBLICAN",11600
2024,"New Hampshire","County 3179","DEMOCRAT",8226
2024,"New Jersey","County 3180","REPUBLICAN",5065
2024,"New Jersey","County 3180","DEMOCRAT",2621
2024,"New Mexico","County 3181","REPUBLICAN",861
2024,"New Mexico","County 3181","DEMOCRAT",249
2024,"New York","County 3182","REPUBLICAN",8398
2024,"New York","County 3182","DEMOCRAT",10641
2024,"North Carolina","County 3183","REPUBLICAN",4052
2024,"North Carolina","County 3183","DEMOCRAT",2343
2024,"North Dakota","County 3184","REPUBLICAN",5577
2024,"North Dakota","County 3184","DEMOCRAT",7068
2024,"Ohio","County 3185","REPUBLICAN",32952
2024,"Ohio","County 3185","DEMOCRAT",15096
2024,"Oklahoma","County 3186","REPUBLICAN",3629
2024,"Oklahoma","County 3186","DEMOCRAT",595
2024,"Oregon","County 3187","REPUBLICAN",3195
2024,"Oregon","County 3187","DEMOCRAT",3145
2024,"Pennsylvania","County 3188","REPUBLICAN",7769
2024,"Pennsylvania","County 3188","DEMOCRAT",10880
